,lfc,blocks,p,margin,lfc_B1,lfc_B2,lfc_B3,lfc_B4
Adcyap1,-0.30305195,4,0.17142857142857143,-0.4017172,-0.67222214,-0.1060648,-0.25781822,-0.17610264
Cartpt,0.19341898,2,0.9142857142857143,-2.634121,-0.20638084,-0.69522095,1.2831488,0.39212894
Crhr2,-0.66624045,4,0.14285714285714285,-0.6841965,-1.3796186,-0.29616165,-0.75450706,-0.23467445
Esr1,0.20091343,3,0.7142857142857143,-1.238306,0.85493755,0.08685303,-0.63385487,0.495718
Gal,1.0138359,3,0.11428571428571428,-0.6514282,-0.11434364,2.6058645,1.0350199,0.5288029
Galr1,0.54248166,4,0.02857142857142857,0.11234665,0.27315712,0.6378145,0.3612213,0.8977337
Galr3,0.6411674,3,0.05714285714285714,-0.07264233,1.2244434,0.5188141,-0.07264233,0.8940544
Gast,0.77046466,4,0.5428571428571428,-3.5275717,2.0354462,0.62094116,0.2634802,0.16199112
Gck,0.76197624,3,0.05714285714285714,-0.14264488,0.826581,1.3194809,-0.14264488,1.044488
Ghrh,0.07587743,3,0.9428571428571428,-2.8687534,-0.9312849,0.8510475,0.30572796,0.07801914
Ghsr,0.62852573,4,0.02857142857142857,0.081300735,0.48818016,0.5750141,0.6275101,0.8233986
Gpr50,0.5677887,3,0.5714285714285714,-1.8210897,0.764349,1.7653899,1.4853878,-1.7439718
Hcrt,-0.50550056,3,0.6,-2.016737,-1.2538967,-0.093120575,0.4110489,-1.0860338
Hmcn1,-0.8467933,3,0.42857142857142855,-1.2594461,-2.3893523,-0.9235964,0.0009794235,-0.075203896
Hrh3,-0.035437584,2,0.8,-0.5626011,0.4717188,-0.3028555,0.00493145,-0.31554508
Insr,0.074611664,3,0.3142857142857143,-0.11933231,0.21298885,0.02076435,0.18208218,-0.117388725
Npy4r,-0.37361383,3,0.4,-0.98354435,0.5271826,-0.23735046,-0.98354435,-0.8007431
Otp,0.35050368,4,0.02857142857142857,0.07592201,0.37459564,0.4584217,0.230093,0.33890438
Pnoc,-0.38929367,2,0.5428571428571428,-1.5573158,-0.7473755,0.036218643,0.22328854,-1.0693064
Pomc,-0.16176236,4,0.7714285714285715,-2.0895972,-0.08498812,-0.19135666,-0.072553635,-0.29815102
Ppp1r17,0.9407513,4,0.11428571428571428,-0.41034985,1.1003113,1.9260111,0.19475746,0.54192543
Slc1a2,-0.082163095,3,0.7428571428571429,-0.720973,-0.21413994,-0.35309887,-0.063323975,0.3019104
Slc32a1,0.09818077,1,0.7142857142857143,-0.789979,-0.15186787,-0.016225815,-0.3196392,0.880456
Synpr,-0.33668566,4,0.02857142857142857,0.06871319,-0.43786144,-0.49182987,-0.34833813,-0.06871319
2010300C02Rik,-0.2902832,3,0.2,-0.34204292,0.036827087,-0.48426342,-0.6806488,-0.033047676
Acsbg1,-0.038299322,2,0.9142857142857143,-0.596097,-0.28032684,-0.55535793,0.3056965,0.376791
Adamts2,0.055712223,3,0.8571428571428571,-0.57214737,0.37869167,0.34103012,-0.57214737,0.07527447
Angpt1,-0.38795447,3,0.3142857142857143,-0.19345093,-1.23983,-0.3448143,-0.093447685,0.12627411
Aqp4,0.59075975,3,0.2857142857142857,-1.1487398,0.70095444,-0.73097897,1.6610527,0.73201084
Arhgap12,0.079744816,2,0.45714285714285713,-0.33586693,0.15481949,-0.092149734,0.33698845,-0.08067894
Arhgap6,0.42925286,2,0.2857142857142857,-0.25149918,-0.10522747,1.0736122,-0.05844021,0.8070669
Arhgef28,0.7320881,4,0.02857142857142857,0.14345932,0.99606514,1.316061,0.14345932,0.47276688
Bdnf,-0.17204094,3,0.42857142857142855,-0.64785194,-0.6848612,0.64785194,-0.3245306,-0.32662392
Bhlhe40,0.006725788,2,0.9142857142857143,-0.38950062,0.071668625,-0.21780777,0.4606533,-0.287611
Btbd11,-0.033288717,2,0.6857142857142857,-0.30630875,-0.20698833,0.08112621,0.16544342,-0.17273617
Cabp7,-0.5688653,3,0.11428571428571428,-0.2813692,-1.5430107,-0.7673807,0.2813692,-0.24643898
Cacna2d2,-0.1073575,3,0.2571428571428571,-0.122003555,-0.26441765,-0.14744663,0.089006424,-0.10657215
Calb1,0.23637986,4,0.02857142857142857,0.07883835,0.24489212,0.34680748,0.07883835,0.2749815
Calb2,-0.5619955,4,0.02857142857142857,0.032835007,-1.0006733,-0.5873375,-0.62713623,-0.032835007
Cbln1,-0.03974247,2,0.8,-0.76947594,0.017323494,-0.09019756,0.08475113,-0.17084694
Cbln4,0.019954205,1,0.9428571428571428,-0.60081005,0.60081005,-0.21784496,-0.26970387,-0.033444405
Cd24a,-0.32224274,2,0.3142857142857143,-0.54094696,-0.99437714,-0.8177376,0.39353275,0.12961102
Cdh13,-0.27398658,4,0.08571428571428572,-0.17486668,-0.4798441,-0.19866753,-0.26855087,-0.14888382
Cdh20,-0.14729476,2,0.7142857142857143,-0.38116646,-0.86856174,-0.3171053,0.3116808,0.2848072
Cdh4,-0.3977542,3,0.08571428571428572,-0.061382294,-0.69269085,-0.52708054,0.061382294,-0.43262768
Cdh6,0.017452955,2,0.9142857142857143,-0.6198559,0.43976784,0.317626,-0.31019402,-0.377388
Cdh9,-0.3467331,3,0.2,-0.3260517,-0.59562016,-0.12220001,0.3260517,-0.9951639
Chodl,0.036093473,3,0.9142857142857143,-0.74072933,0.19196033,0.028352737,-0.0903492,0.014410019
Chrm2,-0.701205,3,0.2,-0.92469597,-0.7850723,-1.3867693,0.5473299,-1.1803083
Clmn,0.35510516,3,0.34285714285714286,-0.76215076,0.6032753,0.32142544,-0.1832037,0.6789236
Cntn6,0.035176992,2,0.6571428571428571,-0.19674301,0.06250191,-0.016226768,0.24988651,-0.15545368
Cntnap4,0.26663375,3,0.11428571428571428,-0.14688587,0.26085663,0.6863508,-0.14688587,0.26621342
Cntnap5b,-0.5052173,3,0.2571428571428571,-0.7626295,-0.3863964,-1.0742111,0.20833111,-0.76859283
Cpne4,-0.033980608,2,0.9428571428571428,-0.83579826,0.09009647,-0.0319767,0.38754463,-0.58158684
Cpne6,-0.028580427,3,0.5428571428571428,-0.18239021,0.1127615,-0.086956024,-0.113884926,-0.026242256
Cpne8,0.48297477,3,0.14285714285714285,-0.3396883,0.44021034,0.77530384,-0.10389233,0.8202772
Cux2,-0.38464117,4,0.02857142857142857,0.059022903,-0.3123846,-0.61114883,-0.3196802,-0.29535103
Deptor,0.33293605,3,0.2857142857142857,-0.6121712,0.2571373,0.53692436,-0.031132698,0.56881523
Dkk3,0.024306297,3,0.9428571428571428,-0.56464577,0.103458405,0.101943016,-0.30762482,0.19944859
Dner,0.07501459,3,0.42857142857142855,-0.21461582,0.1310749,0.1255951,0.13968945,-0.09630108
Dpy19l1,-0.01594925,3,0.7142857142857143,-0.27330303,0.0111579895,-0.056865692,-0.008314133,-0.009775162
Dpyd,0.47782063,3,0.08571428571428572,-0.14366531,0.86535835,0.29715443,-0.0479393,0.79670906
Epha4,-0.20086527,3,0.34285714285714286,-0.40027523,-0.2275486,-0.5522194,0.40027523,-0.42396832
Fgd5,0.79128695,4,0.08571428571428572,-0.022089958,0.8010359,1.6475658,0.08228111,0.63426495
Fhod3,-0.24972701,4,0.05714285714285714,-0.100972176,-0.48216343,-0.20537567,-0.0703907,-0.24097824
Fibcd1,-0.6558652,4,0.05714285714285714,-0.54278946,-0.1845665,-0.94227505,-0.2506237,-1.2459955
Fos,-2.8910832,4,0.02857142857142857,0.8705759,-5.3766265,-1.3974524,-0.90643215,-3.8838224
Gad1,0.084604025,1,0.8,-0.96584415,-0.31442642,-0.021940231,-0.20911694,0.8838997
Gad2,0.15581441,3,0.4,-0.33306885,-0.2745819,0.2302208,0.31232548,0.35529327
Gadd45a,0.07029486,2,0.8285714285714286,-0.49474812,0.47681427,0.4315939,-0.24974442,-0.37748432
Galnt14,-0.010168314,2,0.9714285714285714,-0.66744614,0.049487114,-0.24327183,-0.19499207,0.34810352
Garnl3,-0.4082899,4,0.02857142857142857,0.05871296,-0.45246315,-0.6054468,-0.1815691,-0.39368057
Gfap,0.36766505,2,0.3142857142857143,-0.65448284,-0.4069767,-0.34314156,0.86290646,1.357872
Gfra2,-0.30417085,4,0.02857142857142857,0.110705376,-0.33813095,-0.5496416,-0.110705376,-0.21820545
Gjc3,-0.21320605,3,0.5428571428571428,-0.7449789,-0.24053669,-1.2383957,-0.118870735,0.7449789
Gng12,0.14826393,2,0.7142857142857143,-0.487998,0.31687737,-0.096800804,-0.2789526,0.65193176
Grik3,0.19014454,2,0.7428571428571429,-0.8978176,1.1233253,0.1069479,-0.25243664,-0.21725845
Gsg1l,-0.7506156,3,0.22857142857142856,-0.36358452,-1.9142017,-0.9376745,0.09930229,-0.24988842
Gucy1a1,-0.0063056946,2,1.0,-0.4634657,0.2664852,-0.24759102,0.2897253,-0.33384228
Hat1,0.36648083,4,0.02857142857142857,0.24578953,0.36792564,0.56497383,0.27462292,0.25840092
Hpcal1,0.028598547,2,0.5428571428571428,-0.07553291,-0.0491457,0.08093166,-0.062436104,0.14504433
Id2,-0.20262003,3,0.2,-0.3129902,-0.46597958,-0.45348167,-0.20400906,0.3129902
Igfbp5,0.02352643,1,0.9142857142857143,-0.34076595,0.46148014,-0.13745022,-0.21297741,-0.016946793
Inpp4b,0.032620907,2,0.8,-0.30723,0.473835,0.07825661,-0.21490765,-0.20670033
Kcnh5,-0.025621414,2,0.8285714285714286,-0.5986347,0.0009994507,-0.1704998,-0.08198547,0.14900017
Kctd12,0.24935055,4,0.42857142857142855,-0.46057892,0.9013815,0.0732317,0.0064048767,0.016384125
Kctd8,-0.7401352,4,0.11428571428571428,-0.60464764,-0.522254,-1.5708199,-0.2789631,-0.58850384
Lamp5,1.0576804,3,0.2,-1.20016,0.8900137,1.9197845,-0.105184555,1.5261078
Laptm5,-0.3482201,2,0.4857142857142857,-1.5711956,-0.9169903,0.33428383,0.428607,-1.238781
Lypd6,-0.32263184,3,0.4,-0.81852055,-0.6425171,-0.58314323,-0.28703976,0.22217274
Mapk4,-0.71798015,3,0.08571428571428572,-0.25127792,-1.8183708,-1.0376835,0.25127792,-0.2671442
Mdga1,-0.23802614,4,0.2,-0.3372116,-0.13431072,-0.37467957,-0.26486588,-0.1782484
Myo16,-0.48560643,4,0.08571428571428572,-0.24843693,-0.18033218,-0.9409027,-0.28703976,-0.5341511
Ndst3,-0.35571074,3,0.4,-0.17285156,-1.3273745,-0.076743126,-0.19157696,0.17285156
Ndst4,-0.36979032,3,0.3142857142857143,-0.6518202,-0.49886608,-0.5897465,0.17630291,-0.5668516
Necab1,-0.40454078,4,0.11428571428571428,-0.260334,-0.51888084,-0.6951895,-0.094073296,-0.3100195
Necab2,-0.23027182,2,0.2571428571428571,-0.19829082,-0.37060547,-0.7750912,0.1664362,0.05817318
Nell1,-0.20917487,3,0.2,-0.10468006,-0.4411497,0.10468006,-0.3425789,-0.15765095
Neto2,-0.42350388,4,0.08571428571428572,-0.05035019,-0.7231903,-0.21156693,-0.33615303,-0.42310524
Nostrin,-0.80706,4,0.11428571428571428,-0.28146744,-1.0540743,-0.62894154,-0.6505041,-0.8947201
Npy2r,0.04082942,2,0.8,-1.0018597,-0.005973816,-0.59442806,0.04274082,0.72097874
Nr2f2,0.427598,4,0.02857142857142857,0.033179283,0.6112032,0.15449715,0.6160126,0.32867908
Nrep,-0.03133154,3,0.8285714285714286,-0.22866154,-0.004582405,-0.2115612,0.2662506,-0.17543316
Nrn1,-0.29579973,4,0.08571428571428572,-0.02429676,-0.81217957,-0.07929516,-0.11040211,-0.1813221
Nrp2,-0.024666786,2,0.7428571428571429,-0.17973232,-0.023254395,0.12210941,-0.28187466,0.08435249
Nts,-0.45045352,2,0.22857142857142856,-0.64080715,-1.3569183,-1.0888968,0.64080715,0.0031938553
Ntsr2,0.11257458,2,0.7428571428571429,-0.73839664,-0.29975033,-0.60818195,0.4636507,0.8945799
Nwd2,-0.58635354,4,0.14285714285714285,-0.28455067,-0.85367393,-0.74756336,-0.2315588,-0.51261806
Opalin,-0.86003554,4,0.11428571428571428,-0.2598877,-0.486598,-2.6617913,-0.018566132,-0.27318668
Opn3,-0.5222819,3,0.11428571428571428,-0.33428383,-1.1343021,0.33428383,-0.8490181,-0.44009113
Orai2,0.102026224,3,0.4857142857142857,-0.31352997,0.3293724,-0.25691128,0.042772293,0.29287148
Parm1,0.2817378,3,0.17142857142857143,-0.20681667,0.3794403,-0.010942459,0.29499626,0.4634571
Pcsk5,-0.047577858,2,0.6571428571428571,-0.1673212,0.10715866,-0.02614975,-0.3394451,0.06812477
Pde7b,0.49775147,4,0.11428571428571428,-0.34305954,0.286479,0.42727375,0.2756672,1.001586
Pdgfra,0.9027128,4,0.05714285714285714,-0.16583538,0.65104103,1.0240288,0.50817394,1.4276075
Pdyn,0.41067815,3,0.6857142857142857,-2.309945,1.9686594,0.83395576,0.38288116,-1.5427837
Pdzd2,-0.19868517,3,0.34285714285714286,-0.45729637,-0.27787304,-0.20181274,-0.61508656,0.30003166
Penk,-0.17330527,2,0.6285714285714286,-0.5850458,-1.3575239,0.3777771,0.3887291,-0.10220337
Pip5k1b,0.5245297,4,0.02857142857142857,0.1671133,0.4789524,0.93183994,0.19315529,0.49417114
Pkib,0.713578,4,0.08571428571428572,-0.32194805,1.1298218,0.6971264,0.41230965,0.61505413
Plch1,-0.059557438,3,0.7714285714285715,-0.5228586,-0.39092827,-0.30160236,-0.16728878,0.62158966
Plcxd2,-0.5933509,4,0.02857142857142857,0.11631966,-0.89254,-0.73227024,-0.12865543,-0.6199379
Plcxd3,0.01969409,2,0.7142857142857143,-0.08182049,-0.07928181,-0.07521343,0.21200657,0.02126503
Prdm8,-0.38909578,4,0.14285714285714285,-0.18527508,-0.73886585,-0.4148388,-0.17114735,-0.23153114
Prox1,0.35465074,3,0.4,-0.86753273,0.43732357,0.3574772,-0.24974442,0.8735466
Prr16,-0.42049718,3,0.17142857142857143,-0.34714794,-0.43532944,-0.87820435,0.10683155,-0.47528648
Rab3b,0.05685711,3,0.42857142857142855,-0.17661667,0.041470528,0.19667149,-0.086390495,0.07567692
Rasgrf2,0.32255816,4,0.02857142857142857,0.059221268,0.42341232,0.6447935,0.088274,0.13375282
Rbp4,0.28717566,4,0.14285714285714285,-0.24228,0.17729473,0.16034794,0.6789465,0.13211346
Rfx4,0.42749643,3,0.2,-0.3211069,-0.27261353,0.4686432,0.8606014,0.65335464
Rims3,0.022236586,3,0.6,-0.10640526,0.0006046295,0.12233448,0.07241249,-0.10640526
Rmst,-0.04981661,4,0.3142857142857143,-0.058153152,-0.12728405,-0.009319305,-0.037246704,-0.025416374
Rnf152,-0.6090443,4,0.02857142857142857,0.06810188,-1.2444782,-0.74711037,-0.23066711,-0.21392155
Rorb,0.9425814,4,0.08571428571428572,-0.20675468,0.71801376,1.634367,0.47546864,0.9424763
Rprm,-0.04995203,2,0.6571428571428571,-0.5271597,-0.57763577,0.46212864,-0.5473337,0.46303272
Rspo1,-0.13537145,3,0.6857142857142857,-0.5823059,-0.52253723,-0.19006538,-0.008543968,0.1796608
Sdk2,-0.04641676,2,0.7714285714285715,-0.4979992,-0.66177845,0.342412,-0.016087532,0.14978695
Sema3a,0.23940003,1,0.9142857142857143,-0.59586143,-0.43070793,1.8872228,-0.0061006546,-0.49281406
Sema6a,0.104554415,3,0.4,-0.18560982,0.11938572,-0.1327753,0.41692066,0.0146865845
Sipa1l3,-0.18888712,4,0.17142857142857143,-0.1909523,-0.01981926,-0.0893383,-0.43475533,-0.21163559
Slc17a6,-0.43688464,4,0.11428571428571428,-0.24446106,-0.57901764,-0.6799965,-0.013706207,-0.47481823
Slc39a12,0.09091401,2,0.9142857142857143,-0.95394325,-0.48188114,-0.95394325,0.3054428,1.4940376
Slc44a5,0.7911277,4,0.08571428571428572,-0.07346821,1.2633333,1.0671654,0.08857441,0.7454376
Slit2,0.6678202,4,0.02857142857142857,0.044520378,0.8640766,1.1742983,0.44540787,0.1874981
Sncg,0.18240356,2,0.2857142857142857,-0.29649734,0.6323433,-0.11012173,0.20769691,-0.0003042221
Sorcs3,-0.5781238,4,0.05714285714285714,-0.2528267,-0.55810356,-0.7703285,-0.39319324,-0.5908699
Sox10,0.22654223,2,0.6,-1.017499,-0.117676735,-0.36903954,0.41431713,0.9785681
Sox11,0.0069007874,2,0.9428571428571428,-0.43704224,-0.011410713,0.026545525,-0.055027008,0.067495346
Spag16,0.6661632,4,0.2,-0.8158045,0.662426,1.487113,0.1097002,0.40541363
Strip2,-0.017885923,2,0.8571428571428571,-0.47172546,0.46673775,-0.4690218,0.46562576,-0.5348854
Syndig1,0.046406746,3,0.7714285714285715,-0.3691349,-0.08539772,0.24375248,0.0039367676,0.023335457
Syt17,0.18999147,2,0.6571428571428571,-0.9928179,0.752718,-0.14738274,-0.11167145,0.2663021
Syt2,0.1090405,2,0.5428571428571428,-0.7246523,0.41429806,-0.30485535,0.40875912,-0.08203983
Syt6,0.56717753,4,0.08571428571428572,-0.35267925,0.5243006,0.5439215,0.5568104,0.6436777
Tacr1,-1.2688062,4,0.02857142857142857,0.1547451,-2.8838987,-0.9845848,-0.5555105,-0.6512308
Th,-0.4354148,3,0.4857142857142857,-0.23862839,-1.5763388,-0.13166714,-0.20990849,0.17625523
Thsd7a,-0.26688457,3,0.14285714285714285,-0.15609741,0.15609741,-0.8014698,-0.098526,-0.32363987
Tle4,-0.04810953,3,0.7714285714285715,-0.44177818,-0.19017315,-0.029413223,-0.020557404,0.04770565
Tmem132d,-0.84545755,4,0.02857142857142857,0.2943287,-0.8625431,-0.6838007,-1.0131798,-0.82230663
Tmem163,0.096257925,3,0.42857142857142855,-0.32733727,-0.1284256,0.35486984,0.09251976,0.066067696
Tmem255a,0.23412347,4,0.02857142857142857,0.03278923,0.03278923,0.51453495,0.12899303,0.26017666
Tox,0.76505685,4,0.02857142857142857,0.19064426,0.38097477,1.2666321,0.47387886,0.9387417
Trpc4,0.2147553,4,0.17142857142857143,-0.1745224,0.39993954,0.22687435,0.12788868,0.10431862
Unc13c,-0.14397764,2,0.8,-0.59558296,-0.89237213,0.27604198,-0.16660213,0.20702171
Vat1l,0.011501312,2,0.8,-0.12424278,-0.12424278,0.13460636,-0.02904892,0.06469059
Vwc2l,0.3571682,3,0.08571428571428572,-0.11157513,0.019052505,0.85240936,-0.008423805,0.5656347
Wfs1,0.36770105,4,0.05714285714285714,-0.24053574,0.37783623,0.5365896,0.053052902,0.50332546
Zfp536,0.4696219,3,0.08571428571428572,-0.062514305,1.0447121,0.28487492,-0.062514305,0.6114149
Zfpm2,-0.062066793,1,0.7714285714285715,-0.28250694,0.10716438,-0.6831131,0.17803574,0.1496458
