,0
Prdm8,5.000936
Galr3,3.3395307
Adamts2,3.2875013
Ghrh,2.9798112
Mdga1,2.7812912
Nostrin,2.602377
Ghsr,2.5499399
Rab3b,2.440784
Unc13c,2.2289245
Cbln1,2.155891
Otp,2.1144722
Angpt1,2.0794442
Nwd2,2.0793712
Galr1,2.06465
Sncg,2.0434985
Tacr1,2.0289917
Bdnf,1.9542072
Ndst4,1.83846
Crhr2,1.7641892
Pip5k1b,1.7276464
Syndig1,1.6683819
Nrn1,1.6285053
Cbln4,1.5725399
Vwc2l,1.5646907
Ppp1r17,1.5422596
Fibcd1,1.5042377
Trpc4,1.3017832
Sstr5,1.2468008
Gucy1a1,1.2329967
Rprm,1.1824108
Adcyap1,1.1719546
Slc44a5,1.082931
Pkib,1.06822
Ucn3,1.0344393
Calb2,0.9346838
Fgd5,0.92617655
Necab1,0.8825007
Syt17,0.83246934
Dner,0.8277242
Gck,0.7758461
Prlh,0.75249857
Cpne6,0.7484227
Vat1l,0.7151611
Cux2,0.6881298
Th,0.65791076
Pnoc,0.64461523
Rorb,0.63101006
Tmem255a,0.5986074
Nrp2,0.5915291
Slit2,0.575854
Slc17a6,0.54505706
Rspo1,0.5441604
Arhgef28,0.52387935
Rims3,0.50833243
Cntnap5b,0.49882913
Calb1,0.4545157
Rmst,0.45103058
Pcsk5,0.44262782
Zfpm2,0.37205362
Pdzd2,0.3704687
Lamp5,0.29458427
Cd24a,0.28783324
Sdk2,0.28134978
Cort,0.2351664
Opn3,0.20970264
Gm19410,0.2085648
Inpp4b,0.20296137
Galnt14,0.1853588
Garnl3,0.17925355
Ndst3,0.1791896
Neto2,0.17796981
Rasgrf2,0.13848664
Kctd12,0.11518339
Tle4,0.081723
Nrep,0.081696674
Hmcn1,0.06683517
Plcxd3,0.023539146
Sipa1l3,-0.0033892845
Kcnh5,-0.020320473
Synpr,-0.040075164
Orai2,-0.082377434
Arhgap12,-0.09565506
Thsd7a,-0.121022135
Rbp4,-0.124876864
Hat1,-0.13960028
Cntn6,-0.14689066
Gsg1l,-0.15009186
Kctd8,-0.16524167
Rasl10a,-0.1764383
Sorcs3,-0.18198332
Fhod3,-0.19784477
Insr,-0.21539003
Fos,-0.25726643
Hpcal1,-0.26303402
Gfra2,-0.2703077
Strip2,-0.2853979
Gadd45a,-0.30779722
Gm2115,-0.32994103
Myl4,-0.34434003
Col19a1,-0.37276605
Sema6a,-0.3961928
Parm1,-0.40331033
Epha4,-0.4106579
Npy4r,-0.43136385
Btbd11,-0.43672004
Dpyd,-0.44375837
Necab2,-0.4466121
Chrm2,-0.46272957
Tmem132d,-0.46745634
Hrh3,-0.47790554
Eya4,-0.4988063
Bhlhe40,-0.510175
Rnf152,-0.52154857
Cdh9,-0.56053126
Mapk4,-0.580115
Plcxd2,-0.5811481
Chodl,-0.5908411
Cacna2d2,-0.5954397
Prss35,-0.60913044
Cntnap4,-0.61508083
Sema3a,-0.63367444
Neurod6,-0.6378824
Spag16,-0.6380502
Clmn,-0.65436155
Dkk3,-0.6621228
Syt2,-0.69347155
2010300C02Rik,-0.6986685
Nell1,-0.7094348
Pde7b,-0.72585636
Prr16,-0.7410449
Sox11,-0.7500767
Igf1,-0.75301635
Gpr50,-0.7583902
Grp,-0.7600477
Dpy19l1,-0.76402175
Tmem163,-0.7773799
Cckar,-0.8061438
Htr1f,-0.807824
Gast,-0.82996035
Slc17a7,-0.86982584
Sntb1,-0.8970768
Igfbp5,-0.94760376
Gal,-0.96563625
Cdh13,-0.97624785
Hcrt,-0.9765023
Arc,-0.9792838
Slc1a2,-1.00499
Pdzrn3,-1.0384344
Wfs1,-1.0551445
Cabp7,-1.0551469
Stard5,-1.0633572
Cartpt,-1.0636973
Zfp536,-1.0664449
Myo16,-1.1077888
Tox,-1.1226144
Plch1,-1.1726313
Shisa6,-1.2227062
Pvalb,-1.2577767
Id2,-1.2689067
Rspo2,-1.2742801
Lypd6,-1.2872903
Cd68,-1.2922603
Gng12,-1.3027656
Sema5b,-1.3145496
Cdh4,-1.3246634
Esr1,-1.3318999
Deptor,-1.3563092
Npy2r,-1.4203897
Sst,-1.4243312
Fign,-1.4361602
Cpne8,-1.4420128
Mc3r,-1.4655082
Arhgap25,-1.4704548
Acsbg1,-1.5085069
Cdh6,-1.5166328
Agrp,-1.5241643
Cplx3,-1.5313765
Gipr,-1.5521628
Pde11a,-1.5675546
Trbc2,-1.6008301
Trem2,-1.6138022
Ntsr2,-1.7057598
Carmn,-1.7445565
Siglech,-1.7466614
Laptm5,-1.7488981
Sema3e,-1.7572467
Arhgap6,-1.7743199
Ppp1r1b,-1.7761868
Scgn,-1.8045299
Cpne4,-1.815895
Bhlhe22,-1.8348649
Pdgfra,-1.8354521
Tanc1,-1.8433398
Cdh20,-1.8588971
Brs3,-1.8831648
Cd53,-1.8919971
Ikzf1,-1.9064454
Crh,-1.9297776
Pou3f1,-1.950785
Gpr17,-1.9590105
Spi1,-1.9610956
Gli3,-1.973699
Fezf2,-1.994267
Kcnmb2,-2.0007176
Igsf21,-2.0275805
Pomc,-2.0410082
Penk,-2.095892
Gad2,-2.098782
Chat,-2.1040967
Prox1,-2.1057177
Sla,-2.1337729
Plekha2,-2.1477377
Nxph3,-2.1661506
Nts,-2.170518
Syt6,-2.1841722
Nr2f2,-2.2186935
Lepr,-2.2247756
Opalin,-2.268282
Gjc3,-2.272784
Trp73,-2.2741983
Sema3d,-2.2742617
Cd300c2,-2.2754247
Rfx4,-2.2775965
Sox10,-2.2862628
Slc32a1,-2.351836
Grik3,-2.3807998
Cobll1,-2.3887248
Foxp2,-2.4273543
Slc39a12,-2.4738104
Gad1,-2.4878156
Cwh43,-2.4882398
Glp1r,-2.4912863
Prph,-2.5292625
Satb2,-2.531696
Ror1,-2.5468404
Adamtsl1,-2.557695
Gfap,-2.572785
Car4,-2.6269803
Ebf3,-2.6447432
Igfbp4,-2.6625326
Acta2,-2.696163
Npnt,-2.722736
Vip,-2.735101
Bcl11b,-2.8331597
Cspg4,-2.8538144
Aqp4,-2.9768293
Oxt,-3.0331478
Mecom,-3.0399942
Hs3st2,-3.0624115
Col6a1,-3.0725305
Emcn,-3.0911133
Hapln1,-3.1138513
Ccn2,-3.2142134
Zfp366,-3.23556
Cd44,-3.2515638
Pdyn,-3.3158667
Pecam1,-3.321275
Prdm12,-3.3462958
Slc18a3,-3.583431
Meis2,-3.6230366
Kdr,-3.6511514
Ly6a,-3.707088
Paqr5,-3.7345483
Fn1,-3.7795963
Gjb2,-3.802931
Ano1,-3.829756
Pthlh,-3.8957653
Slc6a3,-3.9917166
Acvrl1,-4.0148964
Slfn5,-4.123275
Pln,-4.136143
Col1a1,-4.2170143
Npy,-4.3830776
Cldn5,-4.4132285
Igfbp6,-4.4471884
Slc13a4,-4.450625
Adgrl4,-4.5655875
Cd93,-4.6040955
Pglyrp1,-4.7273984
Dcn,-4.7833076
Cyp1b1,-4.790544
Fmod,-4.94375
Igf2,-5.013146
Spp1,-5.4616413
Sox17,-5.561385
Aldh1a2,-5.5629144
Rxfp1,-6.7547765
