,lfc,blocks,p,margin,fold,changes
Lamp5,1.0576804,3,0.2,-1.20016,2.081582,False
Gal,1.0138359,3,0.11428571428571428,-0.6514282,2.0192728,False
Rorb,0.9425814,4,0.08571428571428572,-0.20675468,1.9219642,False
Ppp1r17,0.9407513,4,0.11428571428571428,-0.41034985,1.9195276,False
Pdgfra,0.9027128,4,0.05714285714285714,-0.16583538,1.8695782,False
Fgd5,0.79128695,4,0.08571428571428572,-0.022089958,1.7306176,False
Slc44a5,0.7911277,4,0.08571428571428572,-0.07346821,1.7304265,False
Gast,0.77046466,4,0.5428571428571428,-3.5275717,1.7058191,False
Tox,0.76505685,4,0.02857142857142857,0.19064426,1.699437,True
Gck,0.76197624,3,0.05714285714285714,-0.14264488,1.695812,False
Arhgef28,0.7320881,4,0.02857142857142857,0.14345932,1.6610415,True
Pkib,0.713578,4,0.08571428571428572,-0.32194805,1.639866,False
Slit2,0.6678202,4,0.02857142857142857,0.044520378,1.5886708,True
Spag16,0.6661632,4,0.2,-0.8158045,1.5868472,False
Galr3,0.6411674,3,0.05714285714285714,-0.07264233,1.5595906,False
Ghsr,0.62852573,4,0.02857142857142857,0.081300735,1.5459844,True
Aqp4,0.59075975,3,0.2857142857142857,-1.1487398,1.5060397,False
Gpr50,0.5677887,3,0.5714285714285714,-1.8210897,1.48225,False
Syt6,0.56717753,4,0.08571428571428572,-0.35267925,1.4816221,False
Galr1,0.54248166,4,0.02857142857142857,0.11234665,1.4564757,True
Pip5k1b,0.5245297,4,0.02857142857142857,0.1671133,1.4384645,True
Pde7b,0.49775147,4,0.11428571428571428,-0.34305954,1.4120111,False
Cpne8,0.48297477,3,0.14285714285714285,-0.3396883,1.3976226,False
Dpyd,0.47782063,3,0.08571428571428572,-0.14366531,1.3926383,False
Zfp536,0.4696219,3,0.08571428571428572,-0.062514305,1.3847466,False
Arhgap6,0.42925286,2,0.2857142857142857,-0.25149918,1.3465362,False
Nr2f2,0.427598,4,0.02857142857142857,0.033179283,1.3449924,True
Rfx4,0.42749643,3,0.2,-0.3211069,1.3448977,False
Pdyn,0.41067815,3,0.6857142857142857,-2.309945,1.3293105,False
Wfs1,0.36770105,4,0.05714285714285714,-0.24053574,1.290295,False
Gfap,0.36766505,2,0.3142857142857143,-0.65448284,1.2902628,False
Hat1,0.36648083,4,0.02857142857142857,0.24578953,1.2892042,True
Vwc2l,0.3571682,3,0.08571428571428572,-0.11157513,1.2809092,False
Clmn,0.35510516,3,0.34285714285714286,-0.76215076,1.2790787,False
Prox1,0.35465074,3,0.4,-0.86753273,1.2786759,False
Otp,0.35050368,4,0.02857142857142857,0.07592201,1.2750057,True
Deptor,0.33293605,3,0.2857142857142857,-0.6121712,1.259574,False
Rasgrf2,0.32255816,4,0.02857142857142857,0.059221268,1.250546,True
Rbp4,0.28717566,4,0.14285714285714285,-0.24228,1.220249,False
Parm1,0.2817378,3,0.17142857142857143,-0.20681667,1.2156583,False
Cntnap4,0.26663375,3,0.11428571428571428,-0.14688587,1.2029976,False
Kctd12,0.24935055,4,0.42857142857142855,-0.46057892,1.1886718,False
Sema3a,0.23940003,1,0.9142857142857143,-0.59586143,1.1805016,False
Calb1,0.23637986,4,0.02857142857142857,0.07883835,1.1780329,True
Tmem255a,0.23412347,4,0.02857142857142857,0.03278923,1.1761918,True
Sox10,0.22654223,2,0.6,-1.017499,1.1700273,False
Trpc4,0.2147553,4,0.17142857142857143,-0.1745224,1.160507,False
Esr1,0.20091343,3,0.7142857142857143,-1.238306,1.1494259,False
Cartpt,0.19341898,2,0.9142857142857143,-2.634121,1.1434703,False
Grik3,0.19014454,2,0.7428571428571429,-0.8978176,1.140878,False
Syt17,0.18999147,2,0.6571428571428571,-0.9928179,1.140757,False
Sncg,0.18240356,2,0.2857142857142857,-0.29649734,1.1347729,False
Gad2,0.15581441,3,0.4,-0.33306885,1.1140504,False
Gng12,0.14826393,2,0.7142857142857143,-0.487998,1.1082351,False
Ntsr2,0.11257458,2,0.7428571428571429,-0.73839664,1.0811559,False
Syt2,0.1090405,2,0.5428571428571428,-0.7246523,1.0785106,False
Sema6a,0.104554415,3,0.4,-0.18560982,1.0751622,False
Orai2,0.102026224,3,0.4857142857142857,-0.31352997,1.0732797,False
Slc32a1,0.09818077,1,0.7142857142857143,-0.789979,1.0704228,False
Tmem163,0.096257925,3,0.42857142857142855,-0.32733727,1.068997,False
Slc39a12,0.09091401,2,0.9142857142857143,-0.95394325,1.0650446,False
Gad1,0.084604025,1,0.8,-0.96584415,1.0603966,False
Arhgap12,0.079744816,2,0.45714285714285713,-0.33586693,1.056831,False
Ghrh,0.07587743,3,0.9428571428571428,-2.8687534,1.0540018,False
Dner,0.07501459,3,0.42857142857142855,-0.21461582,1.0533717,False
Insr,0.074611664,3,0.3142857142857143,-0.11933231,1.0530775,False
Gadd45a,0.07029486,2,0.8285714285714286,-0.49474812,1.0499312,False
Rab3b,0.05685711,3,0.42857142857142855,-0.17661667,1.0401973,False
Adamts2,0.055712223,3,0.8571428571428571,-0.57214737,1.0393721,False
Syndig1,0.046406746,3,0.7714285714285715,-0.3691349,1.0326897,False
Npy2r,0.04082942,2,0.8,-1.0018597,1.0287051,False
Chodl,0.036093473,3,0.9142857142857143,-0.74072933,1.0253336,False
Cntn6,0.035176992,2,0.6571428571428571,-0.19674301,1.0246825,False
Inpp4b,0.032620907,2,0.8,-0.30723,1.0228686,False
Hpcal1,0.028598547,2,0.5428571428571428,-0.07553291,1.0200207,False
Dkk3,0.024306297,3,0.9428571428571428,-0.56464577,1.0169905,False
Igfbp5,0.02352643,1,0.9142857142857143,-0.34076595,1.016441,False
Rims3,0.022236586,3,0.6,-0.10640526,1.0155326,False
Cbln4,0.019954205,1,0.9428571428571428,-0.60081005,1.0139273,False
Plcxd3,0.01969409,2,0.7142857142857143,-0.08182049,1.0137445,False
Cdh6,0.017452955,2,0.9142857142857143,-0.6198559,1.0121709,False
Vat1l,0.011501312,2,0.8,-0.12424278,1.008004,False
Sox11,0.0069007874,2,0.9428571428571428,-0.43704224,1.0047947,False
Bhlhe40,0.006725788,2,0.9142857142857143,-0.38950062,1.0046729,False
Gucy1a1,-0.0063056946,2,1.0,-0.4634657,0.9956388,False
Galnt14,-0.010168314,2,0.9714285714285714,-0.66744614,0.99297667,False
Dpy19l1,-0.01594925,3,0.7142857142857143,-0.27330303,0.9890057,False
Strip2,-0.017885923,2,0.8571428571428571,-0.47172546,0.98767895,False
Nrp2,-0.024666786,2,0.7428571428571429,-0.17973232,0.9830476,False
Kcnh5,-0.025621414,2,0.8285714285714286,-0.5986347,0.9823974,False
Cpne6,-0.028580427,3,0.5428571428571428,-0.18239021,0.98038447,False
Nrep,-0.03133154,3,0.8285714285714286,-0.22866154,0.97851676,False
Btbd11,-0.033288717,2,0.6857142857142857,-0.30630875,0.9771902,False
Cpne4,-0.033980608,2,0.9428571428571428,-0.83579826,0.97672164,False
Hrh3,-0.035437584,2,0.8,-0.5626011,0.9757358,False
Acsbg1,-0.038299322,2,0.9142857142857143,-0.596097,0.9738022,False
Cbln1,-0.03974247,2,0.8,-0.76947594,0.97282857,False
Sdk2,-0.04641676,2,0.7714285714285715,-0.4979992,0.96833843,False
Pcsk5,-0.047577858,2,0.6571428571428571,-0.1673212,0.9675594,False
Tle4,-0.04810953,3,0.7714285714285715,-0.44177818,0.9672029,False
Rmst,-0.04981661,4,0.3142857142857143,-0.058153152,0.96605915,False
Rprm,-0.04995203,2,0.6571428571428571,-0.5271597,0.96596843,False
Plch1,-0.059557438,3,0.7714285714285715,-0.5228586,0.9595584,False
Zfpm2,-0.062066793,1,0.7714285714285715,-0.28250694,0.95789087,False
Slc1a2,-0.082163095,3,0.7428571428571429,-0.720973,0.9446403,False
Cacna2d2,-0.1073575,3,0.2571428571428571,-0.122003555,0.9282868,False
Rspo1,-0.13537145,3,0.6857142857142857,-0.5823059,0.9104354,False
Unc13c,-0.14397764,2,0.8,-0.59558296,0.9050205,False
Cdh20,-0.14729476,2,0.7142857142857143,-0.38116646,0.902942,False
Pomc,-0.16176236,4,0.7714285714285715,-2.0895972,0.8939324,False
Bdnf,-0.17204094,3,0.42857142857142855,-0.64785194,0.8875862,False
Penk,-0.17330527,2,0.6285714285714286,-0.5850458,0.88680863,False
Sipa1l3,-0.18888712,4,0.17142857142857143,-0.1909523,0.8772822,False
Pdzd2,-0.19868517,3,0.34285714285714286,-0.45729637,0.8713443,False
Epha4,-0.20086527,3,0.34285714285714286,-0.40027523,0.8700286,False
Id2,-0.20262003,3,0.2,-0.3129902,0.86897105,False
Nell1,-0.20917487,3,0.2,-0.10468006,0.86503184,False
Gjc3,-0.21320605,3,0.5428571428571428,-0.7449789,0.86261815,False
Necab2,-0.23027182,2,0.2571428571428571,-0.19829082,0.8524743,False
Mdga1,-0.23802614,4,0.2,-0.3372116,0.8479046,False
Fhod3,-0.24972701,4,0.05714285714285714,-0.100972176,0.8410556,False
Thsd7a,-0.26688457,3,0.14285714285714285,-0.15609741,0.8311124,False
Cdh13,-0.27398658,4,0.08571428571428572,-0.17486668,0.8270311,False
2010300C02Rik,-0.2902832,3,0.2,-0.34204292,0.8177415,False
Nrn1,-0.29579973,4,0.08571428571428572,-0.02429676,0.8146206,False
Adcyap1,-0.30305195,4,0.17142857142857143,-0.4017172,0.8105359,False
Gfra2,-0.30417085,4,0.02857142857142857,0.110705376,0.80990756,True
Cd24a,-0.32224274,2,0.3142857142857143,-0.54094696,0.79982555,False
Lypd6,-0.32263184,3,0.4,-0.81852055,0.79960984,False
Synpr,-0.33668566,4,0.02857142857142857,0.06871319,0.7918584,True
Cdh9,-0.3467331,3,0.2,-0.3260517,0.78636277,False
Laptm5,-0.3482201,2,0.4857142857142857,-1.5711956,0.7855527,False
Ndst3,-0.35571074,3,0.4,-0.17285156,0.78148454,False
Ndst4,-0.36979032,3,0.3142857142857143,-0.6518202,0.77389497,False
Npy4r,-0.37361383,3,0.4,-0.98354435,0.77184665,False
Cux2,-0.38464117,4,0.02857142857142857,0.059022903,0.7659695,True
Angpt1,-0.38795447,3,0.3142857142857143,-0.19345093,0.7642124,False
Prdm8,-0.38909578,4,0.14285714285714285,-0.18527508,0.7636081,False
Pnoc,-0.38929367,2,0.5428571428571428,-1.5573158,0.7635033,False
Cdh4,-0.3977542,3,0.08571428571428572,-0.061382294,0.759039,False
Necab1,-0.40454078,4,0.11428571428571428,-0.260334,0.7554768,False
Garnl3,-0.4082899,4,0.02857142857142857,0.05871296,0.753516,True
Prr16,-0.42049718,3,0.17142857142857143,-0.34714794,0.7471671,False
Neto2,-0.42350388,4,0.08571428571428572,-0.05035019,0.7456116,False
Th,-0.4354148,3,0.4857142857142857,-0.23862839,0.73948115,False
Slc17a6,-0.43688464,4,0.11428571428571428,-0.24446106,0.7387281,False
Nts,-0.45045352,2,0.22857142857142856,-0.64080715,0.7318128,False
Myo16,-0.48560643,4,0.08571428571428572,-0.24843693,0.7141968,False
Cntnap5b,-0.5052173,3,0.2571428571428571,-0.7626295,0.70455426,False
Hcrt,-0.50550056,3,0.6,-2.016737,0.7044159,False
Opn3,-0.5222819,3,0.11428571428571428,-0.33428383,0.6962697,False
Calb2,-0.5619955,4,0.02857142857142857,0.032835007,0.6773646,True
Cabp7,-0.5688653,3,0.11428571428571428,-0.2813692,0.67414683,False
Sorcs3,-0.5781238,4,0.05714285714285714,-0.2528267,0.6698343,False
Nwd2,-0.58635354,4,0.14285714285714285,-0.28455067,0.6660242,False
Plcxd2,-0.5933509,4,0.02857142857142857,0.11631966,0.6628017,True
Rnf152,-0.6090443,4,0.02857142857142857,0.06810188,0.6556309,True
Fibcd1,-0.6558652,4,0.05714285714285714,-0.54278946,0.6346947,False
Crhr2,-0.66624045,4,0.14285714285714285,-0.6841965,0.6301466,False
Chrm2,-0.701205,3,0.2,-0.92469597,0.61505824,False
Mapk4,-0.71798015,3,0.08571428571428572,-0.25127792,0.607948,False
Kctd8,-0.7401352,4,0.11428571428571428,-0.60464764,0.59868324,False
Gsg1l,-0.7506156,3,0.22857142857142856,-0.36358452,0.59434986,False
Nostrin,-0.80706,4,0.11428571428571428,-0.28146744,0.57154536,False
Tmem132d,-0.84545755,4,0.02857142857142857,0.2943287,0.5565343,True
Hmcn1,-0.8467933,3,0.42857142857142855,-1.2594461,0.55601925,False
Opalin,-0.86003554,4,0.11428571428571428,-0.2598877,0.550939,False
Tacr1,-1.2688062,4,0.02857142857142857,0.1547451,0.41500303,True
Fos,-2.8910832,4,0.02857142857142857,0.8705759,0.13480227,True
