,Adcyap1,Agrp,Brs3,Cartpt,Cckar,Crhr2,Esr1,Gal,Galr1,Galr3,Gast,Gck,Ghrh,Ghsr,Gipr,Glp1r,Gpr50,Grp,Hcrt,Hmcn1,Hrh3,Insr,Lepr,Mc3r,Npy,Npy4r,Otp,Oxt,Pnoc,Pomc,Ppp1r17,Prdm12,Prlh,Scgn,Slc18a3,Slc1a2,Slc32a1,Sstr5,Synpr,Ucn3,2010300C02Rik,Acsbg1,Acta2,Acvrl1,Adamts2,Adamtsl1,Adgrl4,Aldh1a2,Angpt1,Ano1,Aqp4,Arc,Arhgap12,Arhgap25,Arhgap6,Arhgef28,Bcl11b,Bdnf,Bhlhe22,Bhlhe40,Btbd11,Cabp7,Cacna2d2,Calb1,Calb2,Car4,Carmn,Cbln1,Cbln4,Ccn2,Cd24a,Cd300c2,Cd44,Cd53,Cd68,Cd93,Cdh13,Cdh20,Cdh4,Cdh6,Cdh9,Chat,Chodl,Chrm2,Cldn5,Clmn,Cntn6,Cntnap4,Cntnap5b,Cobll1,Col19a1,Col1a1,Col6a1,Cort,Cplx3,Cpne4,Cpne6,Cpne8,Crh,Cspg4,Cux2,Cwh43,Cyp1b1,Dcn,Deptor,Dkk3,Dner,Dpy19l1,Dpyd,Ebf3,Emcn,Epha4,Eya4,Fezf2,Fgd5,Fhod3,Fibcd1,Fign,Fmod,Fn1,Fos,Foxp2,Gad1,Gad2,Gadd45a,Galnt14,Garnl3,Gfap,Gfra2,Gjb2,Gjc3,Gli3,Gm19410,Gm2115,Gng12,Gpr17,Grik3,Gsg1l,Gucy1a1,Hapln1,Hat1,Hpcal1,Hs3st2,Htr1f,Id2,Igf1,Igf2,Igfbp4,Igfbp5,Igfbp6,Igsf21,Ikzf1,Inpp4b,Kcnh5,Kcnmb2,Kctd12,Kctd8,Kdr,Lamp5,Laptm5,Ly6a,Lypd6,Mapk4,Mdga1,Mecom,Meis2,Myl4,Myo16,Ndst3,Ndst4,Necab1,Necab2,Nell1,Neto2,Neurod6,Nostrin,Npnt,Npy2r,Nr2f2,Nrep,Nrn1,Nrp2,Nts,Ntsr2,Nwd2,Nxph3,Opalin,Opn3,Orai2,Paqr5,Parm1,Pcsk5,Pde11a,Pde7b,Pdgfra,Pdyn,Pdzd2,Pdzrn3,Pecam1,Penk,Pglyrp1,Pip5k1b,Pkib,Plch1,Plcxd2,Plcxd3,Plekha2,Pln,Pou3f1,Ppp1r1b,Prdm8,Prox1,Prph,Prr16,Prss35,Pthlh,Pvalb,Rab3b,Rasgrf2,Rasl10a,Rbp4,Rfx4,Rims3,Rmst,Rnf152,Ror1,Rorb,Rprm,Rspo1,Rspo2,Rxfp1,Satb2,Sdk2,Sema3a,Sema3d,Sema3e,Sema5b,Sema6a,Shisa6,Siglech,Sipa1l3,Sla,Slc13a4,Slc17a6,Slc17a7,Slc39a12,Slc44a5,Slc6a3,Slfn5,Slit2,Sncg,Sntb1,Sorcs3,Sox10,Sox11,Sox17,Spag16,Spi1,Spp1,Sst,Stard5,Strip2,Syndig1,Syt17,Syt2,Syt6,Tacr1,Tanc1,Th,Thsd7a,Tle4,Tmem132d,Tmem163,Tmem255a,Tox,Trbc2,Trem2,Trp73,Trpc4,Unc13c,Vat1l,Vip,Vwc2l,Wfs1,Zfp366,Zfp536,Zfpm2
Oligodendrocyte,11.847438,7.5785913,6.6919613,10.534862,9.398524,7.176525,9.991685,11.36613,9.67694,6.586119,12.156963,7.407145,5.5854464,7.817831,10.3868,8.197436,7.9758625,8.355354,11.811614,7.123462,11.508481,13.145039,8.2304325,7.876736,8.291842,10.570982,11.211361,9.05463,9.559998,9.554997,9.700683,6.901893,2.7541203,7.8926806,5.2903976,15.546226,13.362861,7.0627465,12.251342,6.1066866,10.473636,12.717632,8.92883,8.129088,11.401107,12.997281,9.800405,7.407145,9.633953,9.121105,12.283897,12.696102,12.461695,8.435908,10.629719,13.209234,9.225513,9.802938,9.616776,11.96766,11.451493,11.630691,11.972545,12.925084,13.453326,9.03465,7.9456105,11.759744,10.890538,7.4551787,9.887324,7.9486647,9.166405,9.291945,9.944278,7.501665,12.397351,13.870379,10.962554,10.660312,8.756567,5.98107,8.670402,10.837158,10.028231,14.9075165,10.650498,11.725211,9.856764,13.552257,7.4422364,7.1608105,8.23294,5.1274714,5.2314353,10.496249,12.208193,9.7320385,7.7942576,8.008423,11.525966,5.5047503,6.538268,8.651784,10.569495,11.553557,14.241503,16.014753,12.410424,9.7346945,8.3484335,12.482915,9.994642,5.720216,8.636715,11.012661,7.2771325,11.774448,6.882861,10.093148,9.072938,10.312292,13.84561,13.427906,11.093178,9.726711,11.882394,13.340075,12.137858,8.155761,16.258322,8.756567,4.943774,9.913349,13.821501,9.431643,11.472333,8.94115,11.595322,8.2279215,11.890555,12.49563,8.022984,7.4594674,11.787512,8.327471,9.724932,8.1610365,12.294588,6.446193,9.439262,8.153115,9.747903,10.957257,8.73727,12.271756,9.877744,10.69118,9.131893,11.323831,10.15857,11.355527,11.1360035,10.38905,7.7529283,12.289027,7.2176137,10.212922,10.314661,10.638728,11.396361,9.990944,11.353224,11.665677,7.296438,7.468006,7.763372,9.931986,12.660341,11.297123,10.845783,11.642526,11.586036,12.329271,9.335759,8.844449,15.302677,8.516324,9.700683,6.8108473,12.965597,8.847724,8.801177,11.435528,10.976835,10.4360485,9.599394,7.924051,9.241788,12.144199,7.8044076,10.427865,9.302726,10.884172,12.280417,12.558075,11.443667,5.27101,12.526105,10.452277,7.876736,14.515211,7.924051,9.576873,7.6813006,7.272265,9.459743,11.145018,13.109153,6.8175445,7.4465637,10.814738,13.427495,13.549933,11.276308,7.3847713,11.642997,10.10209,10.039733,6.26206,6.0846457,8.2870245,10.422933,9.40521,9.9342985,9.554997,7.7840357,14.949781,8.468189,10.243086,11.930878,7.0227346,7.9758625,13.281408,7.6739383,11.6415825,9.272578,4.5840993,7.4975004,11.254571,10.04901,7.429177,11.120854,15.483912,11.305783,7.505818,7.60593,7.9053106,8.272474,7.566715,10.380594,9.400756,10.353199,9.34506,11.392442,11.295925,9.04895,12.885493,8.902299,12.297885,12.463564,11.913791,12.040494,12.77811,11.300414,5.616502,9.841236,4.815824,9.469343,9.763596,13.366719,7.338955,10.965196,11.943945,7.1713057,14.694347,9.912568
Glut Otp/Nrn1,13.187566,7.9210033,8.983756,10.434062,9.741798,7.828622,9.660759,10.286876,10.744238,7.763575,11.311327,8.224724,7.591012,7.9243135,6.888478,9.976363,9.485838,8.854368,10.761924,6.8331943,12.962384,12.604337,9.4785385,8.067429,9.872652,10.064515,13.502307,6.5370917,10.256007,8.719864,9.609754,5.3896527,2.447354,6.396381,6.819036,14.8981905,12.230679,7.7449737,13.361691,7.6441793,11.719012,11.354453,8.639563,6.6088,11.558241,9.312871,7.8600774,6.5020723,10.294571,6.338002,10.167283,10.01375,12.528871,7.0334835,11.139674,11.594149,10.2655,11.788667,10.058878,12.34849,12.539434,11.699703,13.070124,14.230412,15.391487,8.855236,7.2808013,13.516806,12.663662,7.2808013,10.286876,6.0474935,8.341997,7.3757515,8.751891,6.0952706,13.31181,11.397073,12.271948,10.478934,10.107015,7.142676,9.13999,12.366931,7.787404,12.708515,12.20938,13.033086,11.577161,9.203359,9.746014,6.382006,10.468768,5.543961,6.7975345,12.735267,13.521936,10.844841,8.560922,7.3805795,12.09616,8.017156,6.420025,7.195692,10.129418,12.443626,15.247325,13.413186,10.918693,13.13652,6.4976344,13.014665,6.8402214,5.9598756,9.595288,12.397475,8.438924,10.636089,5.7594595,8.34694,10.776879,12.842449,13.321729,12.647854,9.975166,10.770686,13.241767,10.435223,12.745129,6.768358,11.285976,7.761726,5.6676307,8.03564,10.905353,8.153165,11.278235,10.662596,12.593201,9.905268,11.249491,13.287633,9.59217,9.759514,11.726973,10.383846,8.421459,9.3027315,12.86184,8.570461,10.879577,6.28233,11.527823,12.168612,9.953052,12.420662,10.942561,7.8548822,10.560183,9.114857,8.150341,10.671735,11.611323,12.742317,6.4011407,11.990666,7.658165,11.150315,11.856628,11.65482,14.024252,12.053713,13.334227,12.474441,9.372254,7.249471,8.567288,10.701464,13.461909,12.787043,14.35652,12.132215,11.632604,11.03542,11.373349,11.371985,10.058878,10.628245,10.707241,5.1840744,12.7548065,10.314577,9.546712,12.303356,10.148652,10.850072,10.319301,8.665511,7.812633,13.779619,5.985457,11.818552,10.366305,11.464426,13.328499,13.373547,8.196251,4.778551,8.03564,9.18898,10.161684,12.015615,7.7928476,10.778709,6.7902956,8.355549,11.113628,12.746707,13.782017,8.061427,8.379866,9.303368,14.738961,14.6643,12.308828,6.986749,11.95125,12.052389,10.260925,7.537973,9.283526,6.891864,11.769928,11.026207,10.170772,9.866211,9.383723,12.920726,10.249093,8.370188,11.742176,5.979104,7.084681,15.775002,10.0040045,10.300634,10.41389,2.9413364,6.029161,12.100373,11.131283,8.692944,12.330044,10.29553,12.221709,5.4367757,7.190202,5.913987,10.387749,8.289053,9.746949,10.934991,11.293357,10.858316,12.909338,11.438903,10.639367,11.203227,8.810316,12.138286,12.195833,11.013246,13.129905,13.776046,12.705632,6.54141,7.5465918,5.1729846,10.612426,10.528448,14.146153,7.617841,12.01173,12.217752,5.446018,11.794671,9.657282
Astrocyte,11.9620495,7.826129,7.0671372,10.717997,8.787817,7.1938944,9.699259,11.619122,9.266332,6.704001,11.814476,7.764612,6.1990714,7.3360105,5.053486,8.270886,9.221248,8.824455,11.639827,6.3491096,11.468834,12.8981285,7.855931,8.025492,8.924884,11.173723,11.123458,7.963876,8.804726,9.443622,9.152066,6.2083426,3.251842,7.340234,5.664878,17.529156,12.689901,6.657375,11.521619,5.5085454,10.532989,15.598752,8.9827585,7.0923944,9.544981,7.499761,8.719754,6.7681,11.514862,7.1656156,14.87761,9.294898,12.6525,7.573363,10.627161,10.872144,9.061605,9.876189,8.959612,13.64819,11.5497,11.728484,12.524508,13.262744,13.279884,8.476714,7.7231717,11.690533,10.722857,6.916895,10.106236,7.0466084,8.255317,8.491979,8.989496,6.530065,12.3018465,13.751194,11.205901,9.411872,8.63463,5.59591,8.666933,10.25457,8.578536,13.180119,10.425794,11.470761,9.308972,9.646521,6.928161,10.56672,7.977496,4.448959,5.4627957,10.518154,12.796905,9.718042,6.82345,8.427944,11.13018,5.552889,6.522652,8.427944,9.866706,12.660649,14.573303,12.67629,11.773683,9.33036,7.2216296,11.585939,10.551775,6.5665708,8.012319,10.935273,7.1512656,8.866055,6.5665708,9.472766,9.728552,10.19344,13.145696,12.856166,9.5293455,9.522858,11.512526,13.478425,12.271347,11.643035,11.779331,12.272591,5.493456,10.242211,13.368938,8.476714,11.270394,8.89792,12.311962,10.321783,11.31694,12.169411,7.990989,7.0823445,14.738599,7.7003546,9.820598,7.7392516,13.126798,6.1803484,10.115506,7.18453,9.66263,10.760372,8.399896,13.07666,9.182962,8.373353,8.732662,10.523271,9.053912,9.737385,13.700303,10.352423,7.5661693,12.415031,7.293084,10.40528,10.299183,9.696791,11.1636305,10.262937,10.892058,11.161245,7.127027,6.280442,7.6296554,9.582898,13.610988,11.056695,10.4755945,10.277875,10.452373,15.867357,9.131501,8.666933,9.109402,7.9080706,9.717231,5.6513457,11.655375,8.638065,8.225946,12.097323,10.869225,11.061819,10.928277,7.2887206,8.387706,11.5476465,6.6842027,10.358161,9.05005,11.194574,12.167927,12.377382,8.956864,5.298884,7.7771273,12.146685,7.7392516,11.511121,7.537031,10.222328,10.770969,6.559343,8.685309,10.832222,13.143886,6.0929513,7.0205297,13.988553,13.517526,14.2402115,10.448955,7.8079476,13.7565365,9.92621,10.121039,6.323741,5.91186,8.5423355,10.9707775,8.907912,8.329416,8.803196,9.92199,12.0594015,10.250649,9.572166,11.487992,5.9675217,7.5072923,13.242509,7.7519875,15.388723,8.884969,4.3519044,6.6300387,11.970929,9.449498,9.632814,10.410311,9.695143,12.263864,5.9565597,8.965092,7.1172166,7.4341044,6.6300387,9.845323,9.518206,10.56762,9.127841,10.571668,11.077082,8.474794,9.578437,9.194672,11.104651,12.983293,10.306756,10.605394,12.668228,12.167184,5.793648,8.722992,5.1528687,9.226961,9.704183,13.059153,6.2627525,10.220038,12.900275,5.9675217,10.765092,11.053162
VLMC / fibroblast,9.618498,7.2334046,5.1304126,9.814256,7.2679415,8.263254,10.157516,10.196885,7.2565207,4.4369283,11.386409,6.4872665,5.026662,5.6674905,5.830412,7.0067782,7.439354,7.994299,10.462203,8.489861,9.341488,12.785797,10.817346,6.159576,8.156699,10.276788,9.736234,8.514041,7.209912,8.84665,7.857361,3.7172813,3.7172813,6.75413,4.2652097,15.305754,10.546678,5.2271996,9.776772,4.515685,9.568574,12.590981,15.796564,13.208645,10.0915575,8.181067,13.805424,13.876508,11.480834,12.127083,12.740145,7.366853,12.004429,10.589408,10.940216,10.600742,8.228603,8.034974,9.944513,11.977726,9.774772,9.035566,9.965709,11.635423,11.263425,11.656214,13.627622,9.482961,8.945977,13.425741,11.893597,10.496589,10.01568,11.832893,12.230303,13.015519,12.275915,10.050816,9.727987,10.505058,6.979251,4.590364,7.0733824,8.35714,14.696671,10.646306,9.15417,9.422925,7.209912,13.323071,8.16283,13.824402,12.442661,4.515685,4.9148684,9.065326,10.541982,11.482674,6.817679,12.627459,9.30592,3.9619174,13.264054,15.784035,10.629803,11.682055,12.516634,12.2270155,10.464686,8.455312,11.9838,11.312505,9.463225,5.830412,12.333778,8.984561,4.8555455,9.135587,13.642916,14.708637,9.148002,10.716756,11.342523,11.069844,11.082027,8.35714,10.204335,14.59187,11.757927,12.766049,10.151362,9.64939,4.590364,7.980481,12.7179365,6.6705427,10.210267,6.922569,12.7853,8.70259,10.749714,11.621578,6.10967,5.7992663,12.81139,10.891209,16.186958,13.764308,14.304576,10.83569,7.697628,10.269704,12.129825,8.854247,7.398372,13.734776,7.8190546,12.689022,7.2565207,13.374494,14.897235,9.365608,11.784512,9.0422325,12.56257,10.398684,8.533098,8.475155,10.394782,7.803443,10.20136,8.719326,10.060699,9.445732,5.5601053,10.481952,10.549021,8.119358,14.247219,12.436981,8.949528,11.949634,9.774772,12.504616,6.979251,7.8798656,7.5557456,8.16283,8.2970915,11.07066,13.0117035,10.3817005,6.6876516,12.098184,13.722376,9.292003,11.173679,11.781527,14.202444,10.273958,10.725067,11.494875,8.274622,9.65375,9.984868,10.831847,12.135291,13.801008,6.5633926,9.798592,6.159576,10.045848,11.628794,8.39409,6.99308,9.549983,7.161746,10.577984,12.111715,5.4440794,11.138336,11.113229,11.533832,12.618843,11.860974,11.216305,11.733935,8.565853,8.710982,7.209912,5.6674905,7.5083847,9.208524,9.119916,9.758671,8.367794,7.672066,12.13217,7.3561916,11.363967,10.90499,9.443216,12.855586,11.022589,7.1494493,11.71789,7.245009,2.5511613,12.058864,10.146729,12.072768,10.552526,8.313718,8.373092,9.878993,13.08718,7.980481,10.396084,13.635358,5.3178997,10.022439,7.4693437,8.547227,7.714421,8.450308,9.609548,6.427414,11.486344,7.5742626,11.050136,11.432809,8.542533,8.835179,10.817346,10.068884,7.6105995,10.994505,4.729039,8.981096,7.96653,11.465416,6.159576,8.792323,11.163778,10.765915,10.332238,8.719326
Endothelial,11.608322,7.5095997,6.5813465,10.64285,8.433328,6.9700723,9.50835,11.2588825,8.876702,6.390852,10.983922,7.38223,5.094485,6.9836383,5.523902,7.9643073,8.15623,8.408397,11.29945,12.6786,11.15405,13.45872,10.621315,7.573794,8.351983,10.911246,10.983922,8.265777,8.605534,9.403751,9.168623,6.171322,1.752317,6.8713584,4.6934543,16.537598,12.532229,6.3703423,11.274833,4.758032,10.314185,13.558834,9.27451,13.769897,8.674074,7.5374618,15.492121,8.101285,9.977024,9.460641,12.644844,8.933727,12.236094,10.299344,10.876218,10.7627735,8.891171,9.408789,9.232515,12.676514,11.11066,11.459105,11.598436,12.915338,12.910907,14.56019,8.413418,11.393286,10.357813,10.132779,10.587286,8.018034,7.782223,9.605875,9.579316,13.4505005,12.12418,11.191066,10.792945,8.916147,8.614282,5.2818418,8.150228,9.958251,16.057499,11.815003,10.234156,11.157794,8.916147,13.618069,6.7336273,8.393229,7.9155965,3.9273229,5.143654,10.314185,11.766288,11.542247,6.651018,9.725759,10.4412985,4.8198423,8.203372,10.599453,9.610255,11.209945,13.7519245,12.762888,10.224191,9.031668,14.225291,12.263115,8.276838,5.6312304,12.897756,10.607142,6.7653904,8.926721,7.0103946,15.319788,9.162672,10.038436,13.1008625,12.734082,9.978719,9.2438345,11.25049,13.078911,12.068375,9.107977,10.97546,9.75176,4.8198423,8.759359,12.702127,8.648751,10.959244,8.467524,11.492702,8.276838,10.783281,12.449102,7.2537575,6.7336273,12.754751,7.6859245,12.835292,8.542768,12.587138,6.0732155,9.280019,8.398303,10.065799,10.365605,8.254629,13.631058,9.008628,14.598374,8.500927,11.618685,15.7654085,9.428762,11.657819,9.741815,12.656802,11.761866,7.7899656,9.599281,10.196788,9.391082,10.960101,10.054595,10.633199,10.65985,6.56339,12.923719,7.8504505,9.271749,13.031328,12.439905,10.388733,11.138973,10.56151,13.455225,8.7982645,8.467524,8.961416,7.8355656,9.317998,12.300519,11.389469,8.197563,8.011426,12.33797,10.987293,10.856076,11.568366,7.820525,14.50165,11.335606,13.461601,10.476507,8.551903,10.164394,11.893459,12.083416,10.753894,4.8791127,7.9155965,10.559246,7.4226317,10.914792,10.102012,9.438646,7.943632,7.9846897,8.926721,10.658793,13.089733,6.26318,6.9425507,11.653582,13.224206,13.610574,10.895185,7.7744393,12.091661,9.717663,9.747789,6.04761,6.171322,8.4723425,9.684819,8.648751,8.293274,8.298711,7.797666,13.086003,8.4626875,10.3499775,11.150295,6.9425507,7.2082586,12.928111,7.442416,12.682765,9.709521,4.758032,12.569535,11.121438,9.426281,8.560981,10.062607,9.804308,11.422841,13.647798,8.293274,8.174089,8.60114,6.7653904,9.592657,9.021838,9.821408,8.880333,10.395092,10.688091,8.249023,11.466974,9.060759,10.455972,11.823044,9.940969,10.335503,12.203132,11.046663,5.596334,9.657572,3.9273229,9.450908,9.864207,12.838328,5.2818418,9.864207,11.812631,12.539997,10.631045,9.280019
Mural (pericyte/SMC),11.399413,7.838252,6.20394,10.907454,8.064106,6.3822083,9.198666,11.088579,8.895088,5.62873,11.163671,7.1941214,5.479963,6.9330564,10.9957285,6.989186,8.410873,8.566558,11.755521,10.497512,11.0025625,13.115135,9.601132,7.455513,8.451398,10.757958,10.511953,7.807362,8.3262415,9.345654,8.966732,4.911073,4.349889,7.1941214,3.958244,16.419947,12.347743,6.20394,10.985416,5.479963,9.9226885,13.143238,11.583877,12.515996,8.471241,8.037733,13.96787,9.388024,10.473118,14.238146,11.979875,8.788406,12.287462,9.377548,12.45128,10.278507,8.529183,8.835096,11.523388,12.183043,11.21753,11.34936,11.34936,12.7674,12.692248,15.378041,15.243167,11.181849,10.066593,10.392161,10.631402,8.3262415,8.236334,9.972269,9.79467,11.969448,11.935925,10.741713,11.935925,9.186713,8.490814,5.7635803,8.451398,9.929876,14.304631,11.542272,10.261515,11.042901,8.740154,14.652712,7.330729,8.3262415,7.9834967,4.657597,6.8137884,10.232741,11.617655,10.371192,6.750241,15.082526,10.284127,5.8868966,8.3262415,12.429892,9.388024,11.0626545,13.613409,12.75126,10.289725,8.804138,13.938324,11.409733,8.3262415,6.1058016,11.574735,10.670548,6.6837645,8.924174,8.966732,14.128784,8.471241,10.360592,12.980562,12.504005,10.516735,9.21052,11.319569,13.269013,13.698993,9.034986,11.425075,10.073101,4.657597,8.259341,12.96665,10.026921,10.847983,8.620865,14.3774185,7.286615,10.900152,12.243427,7.494819,5.8868966,12.0409,8.090005,15.342291,9.313038,12.65803,6.1058016,9.245508,8.510126,14.235972,10.105204,7.868494,13.205276,8.772501,13.166245,8.451398,11.822708,14.128003,9.388024,11.196823,9.96529,11.362701,11.539925,7.6767306,9.419005,12.336968,9.061408,10.679105,9.9226885,10.511953,10.832726,5.62873,11.716566,8.037733,8.895088,14.782463,12.552546,9.937029,11.175815,11.523388,12.885791,8.980643,8.3262415,9.517719,8.189187,9.334864,10.5774975,12.466188,8.090005,7.6767306,12.83883,11.693522,10.696068,13.82241,10.696068,13.188891,11.098183,11.652833,12.441255,8.529183,9.96529,11.849489,11.964207,12.519574,7.494819,8.566558,10.013452,7.373534,10.985416,9.619031,9.345654,6.540851,6.9330564,8.410873,10.545097,12.782369,5.479963,6.8746543,11.088579,13.070303,13.393173,11.714486,11.574735,12.193533,9.848766,9.856331,5.479963,5.7635803,8.756418,9.527229,8.390176,8.85033,7.9834967,8.212953,12.26348,8.281987,10.741713,11.14217,7.807362,8.3262415,12.598378,7.286615,11.951901,8.756418,6.463709,12.134091,10.757958,9.754749,12.127854,9.818103,10.674832,11.330474,11.542272,8.431277,8.690233,11.243725,6.000497,9.754749,8.9385,9.63671,8.690233,10.179457,10.640193,7.868494,10.793858,8.909705,11.082142,11.373286,9.999854,10.136608,12.085032,10.679105,4.911073,10.215198,3.958244,12.493129,9.986128,12.775403,5.7635803,9.713693,11.836161,11.283548,10.626986,9.00807
GABA Cacna2d2,8.8145895,8.410763,6.3718915,10.988628,9.801265,7.155345,10.231442,10.581882,10.628372,7.0689907,10.825813,7.89131,7.612939,9.281753,6.62029,8.951801,7.773796,9.014755,10.999635,9.011952,13.026791,12.603049,9.248802,7.35875,9.170534,10.0431795,9.103001,5.832087,11.943746,8.940054,9.369216,9.058195,1.5887233,7.3631554,4.6492686,14.644384,15.477868,8.075738,13.473974,5.6128526,11.454526,11.384201,8.479327,6.1140804,8.208966,8.417132,8.103649,5.103505,9.94778,6.2247305,10.109248,9.764271,12.812036,6.997115,11.398623,10.637493,8.832173,8.762181,11.413833,11.58082,12.6821995,12.4285555,14.030518,12.654219,14.54519,8.116753,7.1297183,10.351593,12.354572,8.161701,10.328125,5.7128887,6.8943334,6.812942,8.176795,5.4484515,13.070421,11.442607,11.978168,10.531888,10.516645,5.071559,11.13363,12.683851,7.5868087,11.707592,12.6207485,13.234831,11.295366,8.609249,10.27972,5.6054344,9.802887,5.272278,7.3979216,11.196694,13.369669,10.1686535,6.709487,7.1679897,11.885984,5.8635216,5.113999,6.7198296,9.730997,12.601593,15.211745,13.321459,10.148059,8.161701,6.4443645,12.689508,7.369738,4.947969,9.977534,12.29075,9.5693035,10.861087,4.8256173,8.13876,10.605547,11.182588,16.068178,15.762129,10.216913,10.959104,13.32425,9.948879,13.941585,6.4731793,10.41979,7.384982,5.663738,8.898927,10.970878,7.7853312,13.203736,10.3779545,13.192293,10.0754175,11.3980875,13.6482525,9.575486,9.836146,10.65691,9.253556,7.892834,9.52133,12.502678,6.0499463,10.189888,6.195385,11.202698,11.738969,11.429802,12.302839,11.671638,7.647661,10.432946,8.754656,8.002795,12.047979,11.104325,10.682913,6.4567842,14.470039,7.2296014,12.213718,11.4419565,11.311555,12.921283,10.697377,13.054549,13.182278,7.0112185,7.0689907,8.485402,11.367716,13.192293,13.02201,9.437649,11.5347,11.851126,11.039918,10.541395,9.91927,8.98219,9.917024,10.627457,5.1953077,13.519611,9.923377,10.005984,12.190899,9.883299,9.1265135,9.7779455,6.638576,7.6239944,13.175484,5.536897,11.80896,10.531888,12.1687355,13.566865,13.978909,8.019636,4.4972405,8.452704,9.240446,7.3184853,11.937482,7.1978917,11.062949,6.933369,7.820996,10.985952,12.5015545,14.132805,7.483364,8.810562,9.357673,14.5837,14.679319,12.401505,6.924454,11.456331,10.519855,9.472726,8.585881,6.0499463,7.047254,10.851712,10.197618,10.123276,9.802076,10.514172,12.4036455,8.874448,8.015445,11.757703,5.060751,6.7638087,10.8591385,7.0743737,10.185853,11.084786,6.991435,5.7469993,12.7346735,11.60903,7.71297,11.590011,9.287559,12.128707,5.505359,6.670918,5.7128887,9.55397,9.494474,10.273005,11.092932,11.393653,11.237307,13.31063,11.420981,10.754456,9.889802,12.064051,12.105395,12.448321,10.308272,9.812986,13.403345,12.221093,5.627575,7.1036286,5.253417,11.289447,10.011256,14.575448,6.806487,11.923941,11.49448,5.124417,12.141987,10.855822
ME / meningeal fibroblast,8.068868,7.0946016,3.6436079,7.7054787,7.3799763,6.030953,8.625683,8.989929,6.334826,4.716731,12.045888,4.630069,3.2375262,5.870099,7.975292,8.07298,9.030673,8.296953,7.5665464,9.299931,8.172158,12.140038,12.5074835,4.1589437,8.043943,10.312764,10.680001,11.372667,7.150156,8.530202,5.8888836,5.325267,3.4548078,6.144732,2.2728043,15.347729,8.704672,5.325267,8.431159,4.6740503,8.224858,13.195045,11.15958,9.713518,11.884155,11.676863,9.072354,15.00789,11.731218,11.97925,15.305206,7.64599,12.10281,8.650662,10.186546,10.177025,8.362259,6.440464,8.437552,12.086884,8.82903,8.5212,10.606012,11.04335,10.135354,8.152861,11.209468,7.157921,7.684129,13.763153,11.787986,8.4150505,12.391663,9.990685,10.447158,9.266205,9.928495,11.695988,9.308676,8.74131,7.997099,4.630069,5.1494846,7.9351907,9.451353,11.720773,9.594117,8.156741,7.500905,10.978512,6.278957,13.991529,13.441987,4.8376827,5.0857854,9.066178,11.569617,10.782756,3.8872736,9.015796,9.471745,4.2195582,12.867337,14.887218,10.508416,13.188309,13.74772,12.080258,11.577238,9.775395,7.64599,11.645103,11.099867,7.1266084,7.953151,8.179806,5.0857854,9.639192,15.22706,14.90841,9.525251,12.031167,9.477961,8.974623,9.625257,8.328256,10.5931835,16.49814,11.274749,14.229345,12.387128,10.886874,4.2777286,8.056458,12.202374,6.9320455,9.45923,7.157921,10.184647,9.179225,11.03019,10.669176,6.013941,5.6674385,13.482647,11.28675,16.599977,12.449154,14.576055,13.047938,7.500905,8.503027,9.313898,8.093369,7.75751,13.509637,8.060607,12.642978,6.562484,11.364303,9.926224,9.1128645,13.702397,9.308676,7.673335,10.650722,6.789375,9.894043,8.434359,6.2931285,10.452692,8.487704,7.5896945,10.199771,6.0808177,6.759066,7.65699,6.4276743,14.147557,11.736414,9.494919,12.4338455,7.8799267,13.634889,7.944199,7.5069976,7.6293306,10.353906,7.4700513,8.907122,11.520398,9.940925,7.85148,11.680573,13.260742,9.969884,9.534227,11.782346,8.900195,9.975388,7.2839003,8.539148,7.673335,9.643346,8.728332,9.899842,11.718805,8.07298,6.1602774,11.552783,6.490517,10.991607,11.178312,7.678742,8.224858,8.62848,7.684129,8.331693,9.3465395,6.550736,12.981261,13.34148,11.216455,12.803801,11.149879,9.953248,11.8867855,7.7928467,7.9708915,10.18939,5.18031,7.233351,10.748454,11.958005,12.022687,9.146426,5.961666,11.730893,6.707092,9.895205,10.391439,7.9124207,14.986452,10.124497,7.578167,13.611931,6.799338,3.7294843,9.235346,12.125014,8.900195,8.01858,8.553936,8.730936,9.894043,6.674984,8.450254,8.738724,15.082807,2.9816167,9.14056,7.5191054,7.797825,7.0535674,7.1885676,7.953151,5.623251,11.093808,7.8418717,10.954193,11.59986,7.2479753,8.465977,11.256784,10.310154,5.530597,9.327732,7.797825,6.2355886,8.824159,11.098354,5.530597,8.365616,11.581213,6.307162,11.605904,9.443434
OPC,12.108495,8.181353,7.49934,11.107197,9.2489,7.5765057,9.806891,11.742627,9.518988,6.9340825,11.193014,8.388129,5.9223757,7.5613995,6.7194996,8.685006,8.776153,8.400915,12.742625,7.349103,11.673618,12.74764,8.438606,8.362212,9.030434,10.194854,11.362189,8.299865,9.227527,10.520935,9.674503,7.40094,3.8989577,7.3665895,6.079087,15.660827,12.831688,7.0027924,11.815664,5.1210256,11.362189,12.244461,8.695423,7.8557215,9.857242,9.148861,9.353456,6.40099,9.968787,7.6919794,11.059609,9.57835,12.374125,7.22996,11.008311,11.805683,9.553752,10.347958,10.2606325,12.154206,11.847148,11.358371,12.450676,13.646918,13.851325,9.293009,7.3224688,12.510154,11.204607,7.0249867,11.542729,6.7859917,8.125956,8.181353,9.1104555,7.0576515,13.710461,12.995018,11.688469,11.417767,9.123371,5.6921024,9.481359,10.3698,9.798863,11.877959,12.541044,11.799661,10.498308,12.530901,7.340279,6.5151534,8.511158,5.799006,6.2953873,10.978767,12.286121,12.067648,7.4427586,15.034014,11.752637,9.857242,5.849627,7.7194595,9.75638,11.643002,15.255758,13.945332,12.631067,9.448892,7.957317,11.947151,8.196098,6.258396,8.518999,11.537913,7.2010098,10.936947,6.013998,10.064309,9.665702,10.732971,13.811977,13.081943,10.413569,10.085585,11.710034,11.777771,12.565147,7.8495164,15.25931,8.1912,5.991632,8.8711,13.099207,15.353956,13.103451,10.522886,12.376823,7.5988727,11.316245,12.748265,7.7464256,7.349103,12.506707,8.286147,8.749742,9.203402,11.881005,6.417863,11.919279,7.0027924,11.113684,12.345474,8.553763,12.061286,10.9126005,9.385974,9.161439,10.093482,9.663935,11.596518,11.273432,10.691944,7.22996,11.572231,7.1311107,11.793209,10.310048,10.207039,11.410935,11.21972,11.560883,12.086898,6.8619366,6.991565,8.089562,10.200959,12.965018,11.805283,10.5199585,11.491347,11.125287,12.235865,9.928145,8.75307,10.677129,8.7194395,10.22752,6.40099,12.297277,9.691949,7.9044237,12.207034,16.529219,11.986915,12.032818,7.6919794,9.024938,11.815664,6.9802504,11.016643,9.538404,10.466225,12.190866,12.74889,11.442198,4.5768166,11.93731,9.396653,7.874178,12.048477,7.7262483,10.474313,8.068346,7.5988727,8.450954,11.651497,13.326751,6.7597613,8.56895,12.151372,13.471027,13.253741,11.017335,8.2203455,11.946061,12.095772,10.412518,6.2953873,6.5461783,8.491368,10.357827,9.272284,13.495201,10.881007,12.567276,13.507692,10.262969,9.191186,11.272853,6.036022,6.8244634,13.591993,7.538439,11.082276,11.035213,7.4753623,7.40094,11.573173,9.8338585,7.4509788,11.946061,14.584189,12.666134,7.0683775,7.974526,6.8863883,7.0683775,7.4753623,9.421964,9.538404,10.356734,9.798863,10.628129,11.942421,9.141261,11.6039095,9.413576,12.019061,12.417765,12.333853,12.98815,13.864463,12.385963,6.1615424,8.353469,4.3138533,9.591423,10.428217,13.780421,5.991632,10.584895,12.050169,7.1105013,12.045766,10.865716
Microglia,12.183174,9.290663,7.3516645,11.891316,8.9830885,7.27906,10.531406,12.000486,9.48475,6.7443943,11.97916,8.364889,8.197701,8.274408,5.933644,8.591661,10.00436,8.832671,11.940696,7.1828437,11.644554,12.6058855,8.514699,8.302154,10.781852,10.900043,12.072068,9.66651,9.371457,10.852358,9.705124,7.580368,3.7031674,8.137371,6.632282,16.037905,12.933507,7.202607,11.911722,5.8855476,10.864816,13.282129,8.960051,10.461359,9.033616,8.408088,10.40703,7.3866415,9.853138,7.4541492,12.398756,9.304446,13.05671,13.070557,11.19463,10.629575,9.597276,9.9873705,8.657583,11.809101,11.440186,11.382874,12.009631,13.551174,13.50889,9.887122,8.167851,11.950226,11.079101,7.5343204,10.719772,13.787691,9.662947,14.774805,14.447128,8.347241,12.459565,11.199555,11.093727,9.46443,8.787582,6.632282,9.243741,10.473612,10.4551935,12.099998,10.68507,11.643651,9.623171,10.138661,7.260323,7.437566,8.657583,4.957056,5.933644,10.963679,12.26593,9.908339,8.116686,8.635942,10.8617115,5.2123284,7.202607,8.664725,10.284883,11.582741,14.251401,13.421466,10.41975,11.907965,8.838999,11.681114,11.159669,6.602837,8.807079,11.09505,7.014159,9.2814,7.3516645,10.901555,9.286038,10.523571,13.600425,13.181152,9.652207,9.691201,12.35417,13.207984,12.359131,8.838999,11.756589,9.456222,5.3604345,8.664725,12.5768385,9.500802,11.520131,8.906831,11.378536,8.364889,11.271496,12.613287,8.06364,7.3158193,12.471833,8.918828,10.186587,10.153969,12.460591,6.8977475,9.331625,13.737347,12.464689,10.804662,8.217264,15.978198,9.418693,10.206301,9.371457,16.426285,10.986659,9.981663,11.615362,10.196478,7.915832,11.630032,7.27906,9.99589,10.249693,9.923305,11.434974,10.487776,11.245532,11.45468,6.632282,7.72404,10.240162,10.471577,12.837228,11.762426,10.693824,11.630032,11.229968,12.992881,9.380161,8.832671,10.064999,8.329375,11.045297,7.014159,12.250586,8.706851,8.441738,11.770724,11.173505,11.391509,9.874857,7.8038416,10.348357,12.018718,8.39955,10.669177,10.738509,10.674494,12.189997,12.70361,12.084105,5.3604345,8.246119,10.314701,7.751134,11.833865,7.95131,9.732572,8.052793,7.6964273,8.794111,11.563765,13.42699,6.8732944,7.5953965,11.337786,13.584508,13.666846,10.84137,7.3866415,12.117022,10.176629,10.712898,6.269703,7.8421454,9.175377,10.09703,9.52062,8.561368,9.077091,7.962945,11.744843,9.044608,15.743289,11.129012,12.611441,7.6682763,13.452748,7.9972963,12.398221,9.248503,5.6176043,9.582267,11.43079,9.659376,8.106232,10.765335,10.625919,11.905706,7.3516645,9.195243,13.2283125,10.415523,7.3516645,9.846872,9.496806,10.244935,9.345025,10.638671,11.341133,8.545979,9.837422,9.705124,10.8350525,12.423178,10.545017,10.9462,12.925725,11.3198,7.3866415,15.096579,5.3604345,9.735967,9.480709,13.472724,6.632282,10.594475,12.213321,7.5953965,10.931472,9.460331
GABA Igf1/Chodl,10.876578,7.873265,5.4658847,15.968235,8.758132,5.767716,9.5142,10.429614,8.10649,5.3614783,10.859909,9.5718775,6.4494705,6.32544,6.0843387,6.7950673,5.8211827,7.0846415,12.163046,6.7125835,13.721676,12.357389,6.98274,6.754415,6.6250963,9.781971,8.684306,4.360478,11.229122,9.119961,12.113343,5.740221,2.354459,9.1065645,3.8450463,14.08895,11.931564,6.5158343,10.583555,7.9592485,10.712067,11.203553,9.230307,7.106341,7.676974,9.406812,8.508043,5.7946973,7.910744,6.847548,10.037691,9.240154,12.617264,6.9709597,9.988877,11.821078,6.9105735,9.415529,8.122552,11.804166,10.33284,11.446209,12.538146,13.357252,14.162082,8.127866,7.1277194,14.449276,9.808689,10.637646,12.013879,5.5942883,7.8085513,6.6250963,7.768282,6.4995275,12.5948925,11.472556,9.452003,12.287283,9.893817,4.682806,14.198211,11.739676,8.974159,11.348873,11.590803,12.1852,12.476734,9.60274,7.297677,6.4995275,6.5158343,4.125659,5.209364,13.73349,13.041426,9.0572815,5.872739,7.2497334,10.720006,4.9461074,6.3799067,8.920049,12.709208,12.414495,15.4553,12.496127,12.959968,7.747718,7.3801537,11.008477,7.106341,7.9230237,9.497874,11.232209,9.645979,8.466699,5.4658847,8.7886505,8.795345,9.297873,15.952223,12.3901005,11.164654,9.156822,13.023005,9.501973,12.91687,6.46635,11.863508,7.7198353,4.9934564,7.3164167,11.943668,7.5872307,10.182622,12.227275,12.150699,6.6695027,10.734884,14.204591,10.212943,8.870185,10.457318,13.737298,8.758132,7.6623993,11.8495035,5.6544437,10.180066,5.767716,9.344268,12.281333,8.200282,10.860707,11.728788,8.006175,7.5638947,8.617874,8.982984,11.151015,13.588044,10.1928,6.98274,11.097169,7.841271,9.17747,9.114617,10.633916,10.044732,11.4478035,10.585488,11.061511,6.959083,6.229827,6.397615,12.490208,13.626801,11.096492,9.237699,9.932292,9.956388,11.106621,12.722661,9.073897,10.635782,9.424194,10.72352,5.5315146,15.681218,10.0930805,7.5321813,13.791254,9.662551,9.704059,11.280132,8.988836,8.339631,12.854727,6.579279,11.96461,11.131968,10.704083,13.499082,14.122947,7.7268567,4.6238456,8.321193,8.59119,6.1060424,10.483465,6.8083677,10.9000635,8.133161,6.7950673,8.006175,14.7461815,13.870964,7.2594504,6.3068175,9.834921,14.25737,13.937164,11.68259,5.2489223,10.557208,12.410957,11.897354,6.32544,5.4658847,5.6544437,11.291425,7.841271,7.7127795,7.8858666,9.200352,13.298523,8.17996,7.8605523,11.038416,4.5623727,6.7680936,13.668309,6.9944243,10.459428,10.364699,3.8450463,6.0399256,12.334589,10.237733,5.970632,10.204165,10.910893,12.153306,6.847548,6.3799067,5.324927,6.3799067,5.872739,8.079317,9.093043,9.337403,11.671715,10.8267975,11.2584915,7.788557,10.867077,9.653368,14.2538805,13.317543,10.727901,10.5009775,14.286249,11.62409,5.209364,6.9709597,3.3584743,11.9368725,8.375817,15.432229,6.5158343,10.535378,12.783485,6.169262,10.806228,7.94125
GABA Gal/Galr1,10.959755,8.29301,10.49104,11.115677,11.3983965,8.413072,9.824291,16.09505,13.015024,7.1372247,10.347725,10.418449,5.753993,7.575893,6.038631,9.275376,12.11008,8.191384,10.732234,10.811734,12.539964,12.518599,8.078133,8.884321,7.7634115,10.220962,10.443054,7.122067,11.351646,8.911023,12.027834,5.609312,1.6811968,8.82237,3.0628924,14.514384,14.784826,7.287448,14.072128,5.02825,12.137663,11.345133,8.234308,5.95556,8.29301,7.417298,7.7585187,5.3215404,9.214151,5.294753,9.849819,9.100811,12.463102,6.4195275,12.569073,10.578314,8.180451,7.6674857,9.458493,11.643671,12.035186,9.861275,12.834278,14.588068,13.931537,8.070256,6.67975,10.934489,13.290668,5.5651617,12.544234,5.885478,7.0518146,7.152225,9.0294895,5.5651617,12.717484,11.47943,10.717182,9.753513,9.278797,4.277327,10.44534,11.330784,7.976452,11.946275,10.761264,13.6001425,10.52673,8.915426,8.169435,5.1226616,7.830224,5.02825,6.303388,12.382512,13.017458,10.449141,5.753993,7.2178597,10.74713,5.211272,4.4328322,6.6054006,9.205189,11.632684,15.505847,13.3277855,11.26244,8.085965,6.5834346,13.400648,8.572107,5.7341914,10.492514,12.100445,6.52701,7.0276155,4.659715,8.313171,12.263658,13.456003,15.550517,15.326751,9.672595,9.956212,12.613275,10.997621,13.673295,6.855003,9.713621,7.0597916,4.7804813,6.6900654,10.721588,8.058361,11.621948,9.879417,11.724929,6.022395,11.280045,14.284492,6.770036,7.239091,10.784314,7.1447444,7.8940787,7.9380183,11.819872,5.1528068,10.124432,5.867412,11.439483,11.528757,8.19501,11.44101,10.3989315,7.4234934,9.514708,9.03759,7.9249763,9.873773,10.659296,9.811357,5.95556,9.041624,6.4195275,10.921415,12.26603,12.045014,12.794348,10.206663,12.350557,12.363908,6.961028,5.609312,5.423976,11.992327,13.700576,11.992587,9.102742,12.771761,12.013274,11.1947775,9.72871,8.275991,7.848758,8.9394045,10.588689,5.3215404,13.104865,8.863965,9.63838,11.827776,9.7060175,10.122528,9.09694,6.789355,7.6464515,14.451682,5.885478,11.78029,10.499129,12.952934,11.963651,13.45023,7.2669215,4.659715,7.920603,8.725404,6.5384727,12.653694,6.8641424,10.672361,6.356163,8.258769,7.693354,12.667953,14.48474,6.9695215,7.830224,9.673895,14.501218,14.398813,10.818803,5.830588,13.438615,10.942061,10.9861555,9.793529,3.8320427,6.8084183,11.093991,8.319829,8.560909,7.6726966,7.4601183,12.791058,9.100811,8.306482,11.329547,5.1528068,6.52701,11.7534895,6.67975,10.202166,10.157331,3.674725,4.8185906,12.545833,9.520499,6.7602787,11.442536,8.599727,12.079018,5.2674594,8.342895,5.3478394,4.7804813,5.9383564,9.259879,9.584105,10.886521,10.931775,10.460484,13.174937,8.265683,8.378409,12.869876,12.340974,11.892296,9.06757,9.635715,14.937185,12.532639,7.2320485,7.224972,3.8320427,11.11902,8.774701,14.51057,5.6731024,11.70122,13.104865,5.211272,10.8854,9.982677
GABA Cartpt/Glp1r,10.271694,8.91778,7.3943415,15.234345,11.4951315,9.437575,12.793547,15.278732,10.287021,7.826009,11.318287,10.83093,12.678161,11.270254,6.756084,13.120969,9.269436,10.125895,12.471595,6.216243,12.461874,12.614789,12.513461,11.010931,11.44059,10.140968,11.130922,8.926506,10.549581,11.263383,11.910777,6.4028916,4.9912543,11.81652,12.339398,14.674439,14.663634,10.161441,12.214487,5.1185493,11.43525,11.609273,8.627964,6.5456567,9.403605,7.6262603,7.759197,5.4443507,8.96089,8.511006,10.343494,8.606405,12.624541,6.869026,11.348632,12.046547,7.7095065,8.469814,9.988899,12.402131,12.053534,10.303862,13.467176,12.449441,12.130129,9.967919,7.055589,10.367723,11.603163,8.089538,11.678059,6.3776608,10.125895,7.571681,8.611825,5.668952,13.658544,10.172486,11.433721,9.655303,9.704328,11.395737,9.010977,11.868386,8.230088,11.622087,11.2161255,12.33367,10.418092,8.775315,7.9595375,6.2720795,12.030953,5.0563054,7.177561,12.683962,13.401998,10.148447,8.690772,7.862842,10.745983,5.1185493,5.3437095,8.271771,10.635906,11.623428,14.916895,13.48094,10.1651325,8.05812,6.4520664,11.732561,9.286482,5.6267424,8.463833,11.915715,7.2488675,10.361302,5.1782184,8.804009,9.963687,12.384031,15.216224,14.63014,11.055366,12.497812,12.638881,11.402788,11.678059,7.1178637,10.707266,7.678849,5.2355175,7.615508,11.880786,8.258011,12.713882,10.444151,11.888063,8.00967,11.309141,14.4924,9.993058,7.220766,10.689434,8.516796,8.223022,6.73637,11.792259,6.158157,10.436535,6.351981,10.478674,11.486306,9.368815,12.186609,11.839802,7.455909,11.07512,9.763964,8.505194,10.697103,10.925369,12.172924,6.6755576,8.813449,6.850806,10.971421,11.018092,9.869543,12.461499,11.719441,12.114941,13.25582,8.00967,5.7886415,6.956828,10.635906,12.541777,11.28135,8.868823,12.64087,12.487161,11.269397,9.173737,10.541083,9.409842,9.368815,10.5678215,7.993152,14.873417,10.814571,10.739808,11.640765,10.300509,12.04304,10.404102,6.756084,7.9764423,13.703023,6.299208,11.691559,10.312209,11.367979,12.362088,13.4596815,8.1652155,4.851631,7.381706,8.654468,7.133021,14.013138,9.184689,11.328198,7.343123,9.162701,9.754194,13.638602,14.156672,7.6684837,9.593637,9.82357,14.435081,13.900012,11.459502,6.2720795,12.981128,11.551922,11.240823,5.7886415,10.683011,7.381706,12.1992655,11.3767605,8.390047,8.654468,7.8537216,12.269533,10.966142,8.952371,11.436014,7.6369324,6.956828,11.21167,6.956828,10.359693,11.264243,6.299208,6.1282134,10.848254,11.077081,8.445737,11.59771,9.639469,12.991559,5.1185493,10.176149,6.351981,6.904791,7.007054,8.567884,9.89644,11.005794,11.401224,11.348632,12.574761,11.285596,9.368815,12.539646,12.650778,12.408374,10.812219,10.866507,14.331819,11.798808,9.506121,8.29217,3.059166,10.709795,9.387896,15.017312,10.312209,11.844414,13.680794,5.1782184,11.961542,9.155295
GABA Nts/Gal,9.609986,8.22144,9.499386,13.808878,9.794615,8.675955,9.554824,14.700039,11.856268,8.410573,10.552481,9.59303,4.9669647,8.794678,6.3613377,9.425693,7.756843,7.9874177,13.003337,6.5800138,12.704362,12.517997,11.450122,10.187809,8.73735,9.652818,10.030319,7.181594,10.457064,9.140119,10.274884,5.3017774,0.5661477,8.783708,5.558703,14.358118,15.271181,9.170516,13.656194,5.370424,11.567616,11.259108,8.961116,6.3272057,7.8737793,7.743964,8.077436,6.062583,8.466523,7.3735933,9.980405,8.766299,12.748051,6.9319468,12.216902,11.302026,7.1575146,8.16941,8.22144,12.328136,12.745428,10.531087,13.439037,12.348088,13.261916,8.244484,6.976671,10.043518,10.956503,7.594145,10.386307,6.0521727,7.8164954,7.246953,8.462598,5.8862658,13.6712055,11.700834,11.56853,11.064363,9.500344,7.082768,9.300444,11.515996,8.157318,11.799633,11.585549,13.589816,11.57195,8.5502825,8.691132,6.228953,10.790675,4.9669647,5.1143475,10.610837,13.6848,11.579219,12.5089855,7.6675925,11.158664,4.499872,5.2297,7.9681664,9.773382,12.234273,15.080816,13.789129,10.719681,7.528069,6.6158,13.393504,7.8010354,4.944625,9.321185,12.128929,7.209968,11.035256,5.644364,8.414642,9.898512,10.053339,15.669088,15.309724,10.40994,11.371446,13.034905,10.164438,11.805263,6.6298695,10.776911,7.2650957,5.1143475,8.276139,10.95231,8.289495,13.679209,9.6293745,12.244453,8.29171,11.405837,13.487712,8.296128,7.6607566,10.971082,8.484056,8.390053,7.062164,12.186435,6.2381663,10.738469,6.2381663,10.202594,11.94651,8.343855,11.723359,12.058185,7.454875,10.200828,9.063146,8.367139,11.073721,10.572652,10.535765,6.378105,9.091382,7.568807,11.544128,11.922421,12.532229,12.180772,10.928674,13.167338,13.135025,8.077436,5.977116,6.909054,11.722128,13.955213,12.429648,9.054044,12.580456,15.201941,10.997435,8.428795,8.777402,9.38997,9.143801,10.708951,5.4986324,12.3622465,9.591233,10.028993,12.334863,10.127109,10.295994,9.538136,5.90952,7.903039,14.019914,6.072919,11.765589,10.782433,13.390279,12.895734,13.008983,7.3694067,6.0097623,7.377768,8.709466,6.9376135,13.623442,7.6365714,10.805471,7.113133,6.45914,9.401292,11.848581,14.357061,8.167,8.5502825,9.630249,14.660294,14.240402,11.980707,6.7506785,13.158949,10.105245,12.141414,5.8386006,6.8501797,6.123516,11.688284,8.872181,8.369237,9.091382,8.797797,12.364484,8.157318,8.362933,11.649963,5.2297,6.9376135,11.0705,6.9488816,10.053339,11.359358,2.652191,5.8506656,12.168776,10.910058,10.012307,10.524512,9.717656,12.451598,5.5878253,7.3652077,5.8017893,6.7762046,7.410738,9.400267,9.806277,12.387958,10.804309,12.7339735,13.047081,8.5147085,9.607322,11.538079,11.569443,12.696968,11.013287,10.929029,14.634357,11.712657,6.6915383,7.4783926,3.8048022,10.770575,10.115906,14.626211,7.260581,12.674872,12.93504,5.3192472,11.610598,11.121492
LHA Hcrt (orexin),10.247171,8.296384,6.9982624,10.418195,12.286699,10.319507,9.6743765,12.551884,9.654478,6.148767,10.6585865,10.900226,5.150135,8.794507,6.129677,6.6948237,9.685858,7.5510397,16.980341,11.764458,11.464607,12.511204,7.911101,6.7205706,6.6283727,10.308938,9.700487,6.4397483,8.003137,9.490192,11.287526,5.031725,3.2317727,7.49992,3.905963,14.421688,12.023292,7.1096272,12.309676,5.808095,12.263078,11.474571,8.664581,6.39248,9.858128,10.65692,8.391613,5.3936353,8.946792,5.7086835,10.149855,9.178087,12.6001425,7.0600696,9.7340555,10.662743,7.1575384,10.278927,8.407551,10.9493685,11.834293,9.656147,11.870681,15.631984,14.8724985,8.023965,6.5869813,14.641994,9.168766,8.461988,12.474554,6.1676083,11.005426,8.17127,8.36329,6.070841,11.286449,12.955274,10.194174,11.405813,11.169807,4.658209,9.751332,10.033989,8.687609,12.072233,12.741638,13.188779,9.456115,9.694003,6.64191,6.3600845,7.579458,3.8132854,5.1875396,13.0623455,12.354559,9.550652,7.5147114,7.3512764,10.218095,4.363627,4.8570213,7.0294967,10.978336,13.342682,14.336122,13.976625,11.870681,7.4314146,7.1193376,11.815376,7.194754,10.472239,8.661262,11.774096,8.729422,8.664581,4.989992,8.446643,12.84511,12.249325,12.975296,12.379521,10.810167,9.853771,13.1131935,9.983046,13.735923,6.8660874,12.232925,7.7264776,10.046767,8.12382,11.163955,8.270473,10.391396,9.718168,11.58644,6.310086,10.866028,12.261982,7.3430123,9.662803,11.265832,7.713714,7.8007727,6.2226996,11.977979,5.601911,10.167512,6.39248,11.008042,10.241626,7.3430123,10.951408,8.913692,8.248518,7.3998914,9.4329405,8.723067,13.6236725,10.988969,8.713483,6.6283727,9.429042,7.239963,9.642743,10.505942,11.268016,9.846482,12.38582,13.311521,11.695133,6.770725,5.808095,6.2045684,10.019802,12.121683,11.263644,8.690868,10.302559,11.856599,11.387849,12.413709,8.821526,11.301988,8.80958,10.295082,6.572916,13.606945,8.003137,8.287799,10.6172085,9.746641,15.620571,8.579205,6.9555354,8.2081375,11.515133,6.3269453,10.777576,11.060018,11.105308,11.651463,12.425254,8.226224,4.226595,8.979148,8.593208,6.2045684,11.102862,9.274667,9.232787,7.9222383,5.9884634,7.4622636,14.278109,14.236679,8.049584,5.923439,14.48778,13.9450655,14.511421,10.275674,6.1676083,13.555456,12.883723,12.748303,7.1193376,7.080097,6.2406054,11.881777,10.2349415,8.128636,10.54249,7.080097,12.884257,12.718067,8.760781,10.771431,5.4866004,6.2757635,14.402245,6.7829957,10.638468,9.625812,4.4887643,5.5454073,10.556853,9.95756,7.6210628,10.50409,11.434295,12.316287,6.310086,8.91648,6.3436103,5.5739355,5.150135,8.161904,8.62423,11.856599,11.40631,9.815457,12.277784,8.023965,9.4034395,9.203416,12.532482,12.938059,11.288065,9.556025,14.286752,12.131013,4.9470162,7.836533,3.8132854,8.773136,8.317627,14.047317,6.5869813,12.996198,12.198699,5.656285,11.729618,8.738901
GABA Nell1/Pcsk5,9.341606,7.913267,11.926834,10.172032,8.393718,6.2707253,10.562121,13.715345,12.435566,8.173401,11.246865,7.552406,4.7904425,7.7820497,6.698832,7.461759,9.942684,8.563166,12.472308,5.9971495,12.475691,12.6132145,9.669854,8.988116,7.5376883,10.33412,10.394587,6.560071,11.079134,8.809726,10.420891,6.1977077,1.5386686,7.279158,4.1816883,14.4808,15.174244,6.8009677,14.215468,5.2892904,11.634347,11.352607,8.772496,5.9971495,8.910272,7.7820497,7.3141236,5.546163,9.407848,6.725052,9.829422,9.213193,12.7994,6.9192395,11.072767,11.059949,7.348262,8.977249,7.843177,11.412319,12.502465,10.994093,13.0242405,15.13956,14.518766,7.430232,6.8730874,9.841456,12.800942,6.896348,11.263732,5.9971495,6.080747,7.461759,8.441939,5.357922,13.707764,9.975818,10.556657,11.492733,8.949719,6.9417734,10.810377,11.571612,7.3141236,11.66937,11.971324,14.007227,10.477897,8.66825,8.220238,5.423436,7.843177,5.764138,4.7904425,10.985984,13.440142,10.918,7.5376883,7.651429,11.901911,7.2433243,5.2892904,7.0700502,9.141999,12.1108465,15.16215,13.590103,10.540138,8.875579,6.0395536,13.545051,7.3980007,5.6038213,9.267723,12.433083,7.5376883,8.043991,5.2172303,11.77118,11.072767,12.257837,15.99547,15.5907955,9.967606,10.262082,13.525836,10.412848,11.427367,6.849446,10.390496,7.3650327,5.2172303,8.134804,10.679063,7.980109,13.847087,8.401867,11.348396,7.855098,11.413327,13.223038,6.8009677,8.054368,11.949945,7.6785164,8.02301,6.849446,12.982057,5.953461,9.391571,6.7508035,12.133659,12.321515,10.790339,12.219158,11.093042,7.348262,9.666476,9.072224,7.60982,13.730794,10.580189,10.936351,6.2707253,9.2316,6.8009677,11.191526,10.873274,10.988692,13.439153,10.680738,13.995663,12.911387,7.5077944,6.2707253,7.3141236,11.203232,13.941134,12.695908,9.482755,12.11581,11.014167,11.016823,9.632249,9.443815,8.7147875,10.996785,10.536441,4.1816883,12.503412,12.59689,9.920164,12.789728,10.264318,9.808117,9.455608,6.406529,7.5077944,11.230943,5.2172303,12.026392,9.550301,12.26008,13.256005,14.550156,7.049447,4.7904425,10.71057,8.661478,6.8254104,11.032655,11.321797,11.187996,6.849446,6.1207967,7.7944837,11.306685,14.11665,8.192318,7.2613525,9.814237,14.719679,14.191427,10.994093,5.8619027,11.94925,10.831649,11.309937,7.843177,4.7904425,6.6449184,10.760545,10.316984,7.819036,8.591945,7.9246244,11.900474,9.786493,8.229425,11.661755,5.0613213,6.9417734,11.627414,7.1688695,10.070883,10.3061695,2.2661943,4.687532,12.379409,12.011157,6.530642,11.240063,9.203901,12.40953,4.8864985,7.3980007,5.8138485,5.8138485,5.423436,8.971786,9.240716,11.681973,9.959346,12.2335,13.198393,11.775891,9.467305,8.283356,11.444236,12.374241,10.133399,10.371948,13.866724,12.46114,5.546163,6.9858117,3.841655,11.448175,9.097532,14.805406,6.1207967,12.152498,11.346286,4.1816883,9.732587,12.411045
VMH-like Glut Calb1,14.530455,8.23801,7.027816,10.459053,7.4548745,8.385682,10.842635,9.749555,9.16318,8.741652,10.194504,10.3675,4.0961447,8.253953,6.7002954,8.48628,6.6862655,8.077071,8.0241375,5.1244345,13.469038,12.564529,9.390752,10.311474,6.8671246,10.224343,9.207243,6.3956943,8.775178,9.448002,10.694258,5.8164134,2.5100996,6.9902415,3.0670128,14.685749,9.185796,7.29148,11.607428,5.5008717,12.102308,11.628982,8.72916,5.833489,11.270923,7.354941,7.9940796,5.652895,8.602901,5.2184277,9.785097,9.455604,12.426546,6.1520505,12.739833,11.459915,8.6373415,12.641081,7.548332,12.308524,13.238542,11.817648,12.40136,15.577545,15.279457,9.151314,6.3666625,13.994501,11.959898,6.3548846,10.4455805,5.9554925,8.316015,7.2976456,8.724591,5.490144,14.978998,10.101531,13.659152,11.155787,10.576856,4.4682364,10.851044,9.738832,7.535346,12.293948,12.3721695,13.618285,11.82687,9.265809,7.29148,5.9632707,8.460407,4.613707,5.0821986,12.213792,13.986771,11.965475,5.4684453,7.2475667,10.667429,4.613707,4.9631224,6.879509,11.545629,13.275276,15.765527,12.975006,11.335836,5.330921,6.192318,13.317561,6.667343,5.412728,7.6602287,12.774922,5.993971,9.803628,5.1519203,8.087784,10.019508,8.645824,10.83656,10.9080715,10.327382,11.879071,13.142418,9.902009,12.671296,6.681558,9.781802,7.4128904,6.1723247,7.5405545,11.064049,7.9730453,13.48373,10.057701,12.19389,6.3607855,10.723749,13.7701845,8.871324,6.4575777,11.518499,8.495697,7.957553,6.1245675,12.277958,6.282122,11.102416,6.1383743,10.3360195,12.99174,7.8958964,12.307952,10.792489,9.240429,11.09048,9.153015,7.9120617,9.734862,10.974281,9.402957,6.0165744,8.131586,7.4128904,10.677807,9.519645,10.09358,10.457677,10.692212,12.101317,11.5326185,7.046242,5.6624823,10.93897,10.07216,14.125674,11.685471,8.165695,11.530002,11.3697,11.140647,10.314898,9.8293915,8.236406,8.567619,11.424785,7.046242,12.543524,10.789758,8.597914,12.383989,9.900491,13.410191,10.7413845,8.5366745,7.638533,13.418082,5.553346,10.751246,9.818713,9.236423,13.593988,14.319409,7.093077,4.2817655,6.6577883,9.103724,5.907922,10.103732,6.237919,10.764939,7.7618394,6.764025,6.3067865,11.492867,15.26986,8.0054245,6.4956203,9.164024,14.373129,13.69554,12.408588,8.268151,11.301157,11.875727,11.628064,5.603979,9.037111,9.910583,10.639484,9.879578,8.905031,7.7393665,6.6481695,12.13614,7.906021,8.438254,11.691922,5.0386887,6.563714,15.860955,7.042576,10.38751,11.027186,3.0670128,5.0089355,13.3554125,9.347573,8.775178,12.491189,8.71771,13.041497,5.1654696,7.4270215,5.8249764,7.5866036,7.07165,9.029722,11.533108,10.510722,7.6768804,11.573211,13.159233,9.886242,7.6650057,5.7278666,10.147059,12.148559,13.019167,13.375954,14.113603,12.032513,8.623909,7.4822,4.7276917,10.936749,8.901999,14.695778,7.2728233,10.322099,13.370572,6.218552,9.309179,10.214193
GABA Otp/Wfs1,10.442221,8.385204,7.7603927,12.641775,8.766887,9.689768,10.601688,11.026582,8.71961,8.028865,10.735296,10.200844,6.633783,7.5770984,6.6444817,10.415143,8.4927225,7.999998,9.637175,7.918602,13.079519,12.602879,9.054455,9.719164,11.485871,10.0134115,15.439249,8.868485,11.324765,10.566962,9.175574,6.7373557,1.309327,9.136321,6.0613985,14.915437,15.113514,9.177418,12.2028675,5.159431,13.177844,11.7389345,8.807913,6.255335,8.963397,9.29412,7.9662843,6.092985,9.431723,7.3077435,10.418263,10.578166,12.399426,6.601204,13.246274,11.207914,12.6194105,9.719164,7.2667847,12.665605,12.458026,10.034917,14.080297,14.662644,14.100107,7.7405853,6.786481,11.149966,13.348263,6.34988,10.340622,5.9960723,9.271867,7.5658865,9.8646555,6.0613985,12.45461,10.769908,12.34615,8.950522,8.660227,5.4792514,9.517154,10.7613325,7.631887,12.271335,11.801513,12.478537,10.542147,8.410496,8.27592,7.6846704,12.062587,5.159431,5.246274,12.300798,14.293167,10.783281,6.533751,7.837009,9.950142,5.034857,5.246274,8.008305,9.433266,11.18015,14.944609,14.14188,10.96976,6.767031,6.3234935,13.1721945,7.502614,5.5940795,9.676799,11.794326,6.2692266,9.593674,5.910022,8.329941,10.537132,11.574551,15.364934,15.030815,10.189016,10.40338,12.751615,11.060929,13.352449,7.259844,10.397859,7.803989,5.274098,7.490805,11.329745,8.701795,11.818736,10.600315,12.747124,7.195825,11.198417,14.366079,7.715438,6.824611,10.746512,6.623005,8.58169,8.024776,11.456955,7.430269,8.873041,6.1837955,11.781963,11.698759,8.933175,12.941022,11.861203,7.6637883,11.490326,9.553084,8.12367,10.683069,11.51203,11.828445,6.2692266,8.382011,6.8151727,10.69791,11.320186,11.393365,12.394286,12.362442,11.781661,13.322472,7.0665555,5.7208,8.3398485,12.339376,11.573502,11.740182,8.712002,12.237286,12.4487095,11.528007,9.92842,7.9705415,8.946205,8.135094,11.236038,6.450851,14.40371,9.17373,10.31741,11.870915,10.344728,11.759072,10.480788,6.9157476,8.269023,11.732681,6.029105,12.032867,10.436076,11.9479685,12.077467,14.03712,7.294219,4.9682894,8.5162115,10.843715,7.20308,12.945084,6.7373557,10.242809,6.897975,12.430666,6.6864986,12.492483,14.6096735,8.670732,9.528749,9.6623955,14.163251,13.3015,12.629711,6.5901785,11.452016,11.735186,11.070381,6.4012485,8.084922,7.735591,10.729028,8.584471,7.7799315,8.524923,6.942003,12.289979,8.893366,8.47185,11.543807,5.637568,6.9068885,11.486986,7.2458606,10.779039,10.938587,4.4876633,5.5492387,10.071053,9.19935,9.29412,12.246532,9.450133,12.544102,5.380318,8.628245,6.1391044,6.727327,12.139994,8.712002,9.3025875,10.725253,10.557795,11.891551,13.158614,12.160637,8.504515,11.540232,11.9873705,12.502809,11.628424,10.110169,14.708014,10.69791,6.1837955,7.730579,3.980262,11.939849,9.33432,14.8351555,6.0126834,11.25841,14.167488,4.534428,11.736437,9.095968
Glut Bcl11b/Prdm12,14.809609,8.150495,5.5182714,10.68854,7.334944,7.1555624,10.499258,10.107104,11.736792,7.9856873,9.836287,9.929995,4.752489,5.7254767,6.5024457,7.9027696,7.0820947,7.829835,8.757554,5.088897,13.091212,12.672324,8.287536,8.287536,7.4562097,10.060048,11.018932,9.597932,7.70488,10.69266,8.826661,12.496155,0.0,8.432524,2.5157926,14.915402,11.046555,7.550017,11.888154,5.088897,12.948646,11.65787,9.105325,6.2123036,9.759819,7.9027696,7.6209044,10.23124,8.962511,5.8487334,10.21701,9.469373,12.519534,6.6789317,11.479814,11.415218,13.307102,11.702475,9.405553,12.316951,13.01389,12.128344,13.46325,14.654843,15.569534,8.025425,6.6789317,13.960562,13.43402,7.568068,10.721171,6.5756507,8.209185,7.671874,9.252112,5.8487334,14.88681,9.405553,11.741771,10.146681,10.439229,3.921946,9.998152,10.079056,7.999055,12.13517,12.190111,12.729581,11.028742,9.235267,6.8656516,6.6109056,12.106123,4.4748273,5.788421,13.108274,13.688807,11.889052,4.620328,7.6209044,10.273107,4.620328,5.4420166,8.471406,11.223539,11.065739,15.44747,13.250242,11.140023,6.836162,6.4253273,13.515927,8.138464,5.9066253,8.878211,12.837697,5.7254767,8.885427,6.5024457,8.480966,10.451436,13.01759,12.266716,13.259297,9.964476,10.837358,13.081034,11.5116415,12.8942375,7.4944673,10.434317,7.799596,7.334944,7.3137035,11.11875,9.061399,12.06699,10.131588,12.385992,6.5024457,11.223539,12.733584,9.641205,7.3765087,11.2149725,8.076761,9.3544655,6.6789317,12.351884,6.6789317,9.530488,6.343852,10.939692,12.698166,8.341005,13.269675,9.525878,11.025479,11.6819,9.597932,8.114099,10.536406,11.100262,9.344027,6.3013215,8.527834,6.711778,12.545959,9.670741,8.819143,10.316464,11.2149725,11.461823,12.029211,7.6035066,5.4420166,9.802377,11.364478,12.72305,12.601241,8.741737,12.252135,9.880294,11.313226,9.165844,8.590992,8.913937,7.22547,11.339736,6.6789317,12.260486,9.296097,8.185994,13.193232,10.308434,12.804297,9.223926,6.977928,7.799596,11.8637,5.7254767,11.275273,9.306886,9.454894,13.512728,14.247195,7.84472,4.620328,7.22547,9.322921,6.1174293,11.851776,6.3851647,10.801568,8.174257,10.95692,6.5024457,11.976968,15.773333,7.179243,8.076761,9.535084,14.097358,14.125438,11.199133,9.301501,11.012355,12.105351,9.135901,6.8945503,5.3615055,9.624051,10.394407,8.906862,9.400525,7.9169245,7.4562097,12.203164,7.84472,8.920977,11.567668,5.3615055,6.806057,15.745781,6.9506674,10.426918,10.475545,1.748272,5.5182714,12.241631,8.693218,8.527834,12.290694,9.474167,12.845581,5.9066253,8.319855,6.3851647,8.174257,7.2702613,9.474167,11.431333,8.803991,8.471406,10.1705065,12.192294,11.406467,9.72404,7.9585743,11.022209,12.288654,13.125899,12.809049,14.268223,11.771286,6.2123036,8.038431,3.921946,10.661473,8.684971,15.047826,4.620328,9.7870455,13.825222,5.9622836,10.444124,11.26839
DMH Grp/Ppp1r17,10.059564,7.5014105,8.594027,11.19756,8.850193,6.859541,10.073034,13.200939,10.686321,7.8842096,12.28524,11.24296,5.359087,9.700276,4.7019525,8.0568495,10.572377,14.369329,11.298489,6.341404,12.782113,12.857999,9.454842,9.158917,7.5014105,10.924157,10.795988,6.859541,9.094328,8.850193,15.427478,5.525101,0.0,10.938947,5.171455,15.07676,12.592862,8.881153,12.24564,5.171455,12.723527,12.036372,8.282339,6.341404,10.690697,7.6880665,7.578994,6.1512985,9.751441,5.525101,10.151319,8.753114,12.440105,6.978841,12.224669,11.286975,6.9204235,9.232792,8.612595,12.829512,12.126341,9.573324,12.286686,12.963927,12.189544,9.4341135,7.789469,10.538791,11.257781,6.6597695,10.519241,5.8089004,7.5014105,7.1411138,8.955767,5.171455,11.985636,11.37117,10.548467,9.094328,9.454842,4.0014753,10.791921,11.191398,7.8533154,11.679293,11.75228,12.680173,10.059564,9.808927,8.99875,6.509351,11.481353,5.525101,7.6162753,11.999811,13.755626,11.766859,6.6597695,7.2869654,11.045283,4.393816,5.171455,7.3324804,8.630926,12.132787,16.289845,13.114013,11.861108,10.01838,7.3324804,13.409106,7.9144564,6.509351,10.188924,11.849413,6.729479,10.243555,4.955719,8.702009,8.94115,13.48979,13.893452,13.081058,10.341422,11.9641075,11.257781,10.855661,12.477306,7.789469,10.438284,7.239968,5.8089004,7.239968,11.897527,8.327998,11.150684,8.594027,11.815755,6.0459437,11.545571,13.312328,8.955767,5.673968,10.855661,11.0588875,8.305349,6.729479,13.6500435,4.955719,10.677529,6.4278197,10.093007,11.429934,8.282339,14.668407,11.092347,8.211021,8.556158,9.563814,8.258956,10.716677,11.5576,9.708931,6.5865192,9.146229,7.9144564,10.8320875,10.746407,10.668684,11.803685,12.72566,12.92174,12.548949,7.419417,5.673968,7.034984,11.2189245,14.0035095,11.843531,10.249499,12.8472595,9.380949,11.91259,9.280021,9.244744,9.314454,7.8842096,10.708069,5.525101,11.1153145,10.795988,7.6526175,12.233694,10.572377,14.897196,11.888032,6.509351,8.305349,12.276534,6.2494802,11.920064,10.509367,11.432548,12.110098,14.247645,7.9144564,4.0014753,7.3324804,9.183965,7.0890245,14.452849,8.0568495,10.668684,7.460996,6.509351,6.795975,12.653522,13.747772,8.001567,7.540724,9.909965,14.642948,14.617892,10.897905,4.0014753,14.248388,9.582772,10.812144,6.6597695,4.955719,6.509351,9.947016,9.29159,7.8533154,9.196327,7.722665,12.484885,8.415196,8.612595,11.720534,4.7019525,7.6526175,15.33214,7.0890245,10.77141,12.266309,3.460862,6.1512985,12.169305,10.225574,7.8533154,12.172437,9.256599,13.113198,5.8089004,9.158917,6.4278197,6.0459437,5.673968,8.984564,9.29159,12.247126,9.800854,9.673997,12.819556,9.256599,8.258956,9.485387,11.567151,11.493927,11.668241,12.020816,14.486585,12.181793,7.8217454,7.7564535,4.7019525,11.882304,8.497424,14.357337,5.673968,10.659784,13.880103,4.393816,11.304212,9.734587
Glut Prdm8/Cbln1,14.237642,8.081838,6.596722,11.484755,9.031957,10.193213,9.372413,11.941789,12.571005,11.07329,10.259621,10.427136,10.764586,11.444753,5.883913,7.4762073,10.142248,8.157117,11.625264,9.198014,12.191394,12.448995,8.018652,8.03471,6.552794,9.869804,14.621712,6.552794,11.005652,9.190866,12.253602,4.908139,3.6565409,6.596722,3.6565409,14.3377075,11.489131,9.154588,12.708736,7.0080285,11.047801,11.199737,8.296827,5.5680795,13.697009,7.4524956,6.3105245,5.163143,12.299182,5.163143,9.452294,9.047868,12.452734,6.9069686,10.332879,12.031545,6.8716455,12.965885,7.753499,11.802191,11.968157,10.245893,12.374455,14.859322,15.232392,7.7339616,7.829105,15.17514,13.60153,6.760169,12.061244,6.1428695,6.596722,7.673711,8.585499,4.5981736,12.536882,10.022548,10.92395,9.198014,9.428184,4.5981736,10.026568,10.837341,7.0080285,11.908407,11.767778,12.129189,11.438731,8.740394,8.518564,5.9531384,7.5450897,5.163143,4.5981736,10.171591,14.045224,9.594494,6.9414477,7.7339616,11.8369465,4.202855,4.5981736,6.6393523,9.403663,11.90295,15.982834,12.936273,10.95803,7.900945,6.507486,12.284148,8.47215,5.5680795,10.745199,11.904043,9.378717,8.82593,5.883913,7.969377,10.171591,9.079173,12.107527,11.984784,10.093255,11.149005,12.919615,10.27322,12.7937565,6.4607086,10.546738,7.3014073,6.596722,8.157117,10.703117,8.607138,10.167955,9.91388,13.489483,5.6537523,11.107854,13.145759,5.734622,7.610833,10.915302,9.102214,7.610833,7.1621623,11.782118,4.4140124,8.296827,6.507486,11.2504635,11.783307,7.4524956,12.8934355,10.667515,6.8716455,10.527007,9.522302,7.632098,9.842697,11.296142,13.621271,5.734622,8.424193,7.3014073,9.926845,11.201515,12.778341,13.250449,10.802595,11.727594,12.474236,6.9414477,10.978929,6.2567754,9.960857,11.369197,12.202987,13.127157,12.456465,10.014474,11.041855,12.564797,7.567339,9.205127,9.678658,10.546738,4.4140124,12.862282,10.504123,7.610833,11.45821,10.303358,9.391244,10.877961,8.256316,7.0716715,10.866793,3.9554048,13.107838,11.279392,10.411848,12.304987,13.514748,7.91836,4.4140124,7.4524956,8.47215,12.948508,10.323106,6.4607086,9.896411,7.4762073,4.908139,8.242556,14.987569,14.4850445,7.58925,9.219247,9.3849945,14.689684,14.598099,11.243572,5.476996,12.947449,12.493245,11.558803,6.3623424,1.9644346,6.8716455,11.464151,9.642439,7.791797,7.694075,7.98599,12.457953,8.448371,8.639,11.539238,5.27552,6.1428695,14.987311,7.0402007,9.869804,11.661911,3.2791433,4.4140124,13.253025,12.719953,7.91836,11.609269,9.668402,11.643704,3.6565409,9.281133,6.1428695,5.476996,7.4283876,8.411951,10.119843,12.627023,11.229689,11.180018,10.093255,11.926808,8.720677,11.672213,11.732526,12.462413,11.094511,11.248744,14.560812,10.8623,5.476996,8.112423,5.0412683,12.1697445,11.798669,15.06303,4.202855,13.015782,11.876465,4.761465,10.807277,10.644155
Glut Synpr/Syt6,12.069933,8.092611,9.674046,11.802824,11.414274,9.346922,10.071651,13.1464815,9.612722,6.956957,11.359328,9.843775,6.063251,7.266641,6.353002,9.008983,9.342206,8.566859,12.267518,9.09558,12.747076,12.502779,10.293037,7.938699,7.1419616,10.212654,10.220383,6.315005,9.219023,8.858612,11.977939,5.3705444,6.1521406,8.525865,5.2141767,14.625563,11.790762,8.377065,15.617508,5.2141767,12.0770445,11.586635,8.598837,5.700296,10.302778,9.473052,7.5706587,5.2141767,8.698125,5.8671346,9.743636,8.791017,12.32958,6.5941796,11.2801895,11.477991,6.744689,10.650456,7.029142,11.620131,11.903076,10.324456,12.398765,15.0995455,15.311881,7.835115,7.0054793,11.149998,12.587894,6.390024,10.037058,5.8671346,7.951139,7.538043,8.457747,5.294478,13.4059925,10.795487,10.741005,11.3369875,9.008983,4.8390627,10.474194,11.794219,7.453125,11.6576185,11.958814,13.108807,9.778957,8.770104,10.124783,5.8136373,7.2864122,4.7277794,5.5116096,13.745856,13.5895195,10.561976,7.6643014,7.538043,10.661855,5.4428005,5.2141767,6.772994,9.934281,12.254402,15.4055395,12.692551,10.598022,8.1584635,5.8136373,13.622706,7.5866942,5.5772853,10.846323,12.145626,6.4613347,7.821628,5.2141767,8.311035,9.636025,12.306165,15.061594,12.793152,9.886503,10.116523,12.932991,10.183954,13.030004,6.65628,10.162717,7.5866942,5.5116096,6.956957,10.584111,8.221441,11.069555,10.702892,11.10478,5.8136373,11.01431,15.188346,7.18473,7.9757023,11.570599,10.812633,7.766383,7.938699,13.1545725,6.8279915,11.643315,6.063251,10.419288,11.477991,7.8748355,11.621104,9.850431,7.538043,10.135723,9.24956,7.848477,10.928835,10.217812,10.613758,6.4957104,8.582936,7.708938,11.66519,10.441502,10.51247,12.152376,11.265322,12.528949,12.060634,7.0753336,6.715817,9.166645,10.964556,14.3843,12.349688,10.793761,12.433537,11.200369,11.182015,10.439295,9.589037,8.78408,9.608802,10.465548,5.700296,12.0770445,10.499825,11.255324,11.631769,10.401266,10.428214,9.880012,8.558753,7.694212,11.854235,5.700296,12.147655,10.022395,11.735198,12.5864,14.149779,7.6025534,4.6071897,7.694212,8.550601,6.6255636,10.629324,7.4876943,9.346922,7.694212,7.6337576,7.5046735,12.583406,14.444933,7.5866942,7.2864122,9.968341,14.612161,15.572861,10.834621,8.377065,13.50503,10.80751,11.3429,6.744689,4.942373,6.42612,11.304633,8.582936,9.067288,8.492208,7.3996663,12.418497,8.566859,8.404464,11.400733,4.4755936,6.956957,15.430813,6.93207,10.173375,10.982847,3.781224,5.5116096,11.819035,11.2503,6.744689,11.367474,9.299062,12.453349,5.129141,8.748885,5.8671346,5.129141,5.3705444,8.954413,9.03843,11.396191,10.9904,10.371494,13.928187,7.766383,9.589037,8.190296,11.020226,12.269382,11.704298,13.122965,14.648899,13.255823,7.9134917,7.266641,4.4755936,12.269382,8.377065,14.236662,5.5772853,12.415694,12.546476,5.129141,9.722021,9.511359
VMH-like Glut Tac1,15.353459,7.938723,7.6796494,11.311641,11.045485,5.1932034,13.054459,11.775196,8.052674,8.420472,10.198843,9.2875595,4.40362,10.599304,7.539508,10.69841,5.4882865,8.531007,7.511646,4.4822903,12.881332,12.33606,9.197158,11.037366,6.351569,10.05665,9.443161,6.5472417,7.945681,9.122365,9.763691,5.1932034,2.793049,7.720791,3.929245,14.322131,9.561125,7.384275,12.321757,5.5625863,11.700549,10.850739,8.838201,5.8856506,11.630489,8.725476,7.7449245,5.8856506,10.05665,5.7006063,9.20007,9.088187,12.249793,5.9143085,11.585536,10.6870365,7.9594975,12.641555,9.2174225,11.482849,12.576923,11.063988,12.326762,15.556654,13.910982,8.960036,6.9991198,14.948278,14.022953,7.4639783,10.536168,5.942409,9.081885,7.1986995,8.006838,6.149442,13.973809,11.0948305,13.251927,9.902474,9.79485,4.138045,9.958588,10.75,7.5668426,12.138434,10.972415,12.764453,11.111942,8.170211,7.687972,5.2392364,7.151333,3.217743,5.2392364,13.071059,14.035338,12.440115,5.3691287,7.210302,10.055042,4.4822903,4.8811,6.6699595,9.170677,14.143405,15.764364,13.227512,11.43791,4.40362,6.351569,12.631611,6.12513,4.5568914,8.581019,11.94149,7.57584,10.640625,5.5259147,7.9526057,8.81559,7.2445602,9.96545,10.151482,10.696349,11.395343,12.540332,9.433294,13.246479,6.075242,9.930804,6.873398,5.8564115,8.311574,11.266507,7.687972,12.092935,9.956866,11.68556,6.351569,10.6212,14.017494,8.973717,7.7528806,11.507746,7.881817,8.488757,6.4721265,12.894428,6.413107,10.390789,6.075242,10.689112,12.674126,6.916534,12.539182,10.651305,9.763691,12.413385,8.893224,7.5668426,11.46903,10.317582,8.549395,6.565425,7.687972,9.967161,10.847956,11.605445,11.394708,13.561458,10.289143,10.800769,12.602464,6.916534,5.145653,10.524597,13.697392,14.461548,11.654577,8.020083,12.389664,12.0564375,10.581546,9.161741,11.097176,8.306178,8.464739,11.236323,6.023567,14.446834,11.267201,8.193781,12.664405,9.7715435,11.972056,11.005256,10.002625,7.5486774,13.185881,4.938034,10.910638,10.283662,10.66823,13.397798,13.701252,6.958418,4.6278243,7.414682,8.871466,7.08985,9.413355,6.309036,9.069198,6.858728,5.8265676,7.2445602,11.400416,14.405795,8.629356,7.4736385,8.450133,14.259291,14.330876,12.538895,6.719517,10.426044,13.099804,11.565914,4.2321076,9.351828,11.424897,10.462886,11.276889,10.409782,10.72898,7.483235,11.442222,7.163321,8.121883,11.538562,5.7006063,6.618639,15.596297,6.873398,9.684796,11.039806,4.138045,5.045575,13.356462,9.2599125,8.659294,12.611243,8.659294,12.829612,5.2392364,6.309036,5.8265676,5.942409,8.193781,8.713296,9.977383,11.206943,8.455019,11.539712,13.36557,7.938723,7.7920136,6.45272,9.343949,11.308946,12.594461,13.24154,13.987465,11.811833,8.871466,7.384275,3.545434,11.876526,9.430817,14.830579,5.5259147,11.781043,12.707769,5.8265676,8.696895,9.987533
VMH-like Glut Rasgrf2,15.331104,8.128762,7.064244,7.8444204,7.324736,10.29277,9.235201,6.9578147,10.740462,9.198076,9.778486,10.858342,4.4389467,8.828203,6.1483574,10.512616,4.8232694,7.804922,7.2403927,4.324425,13.110726,12.474706,11.026035,11.257014,6.8889656,9.962061,8.195448,6.034574,7.9104223,8.9369545,11.462426,5.5006824,2.472946,7.3759503,2.9299324,14.348514,10.2235565,8.391293,9.903427,4.8232694,12.52003,11.311584,8.6847,5.9788704,10.486639,6.908974,7.6470985,4.944547,7.9735365,4.6675515,9.533879,10.059823,12.344279,6.10565,13.619462,11.699869,8.07443,12.922244,7.28318,12.579857,13.502317,10.49948,11.929487,15.771381,14.081568,9.44417,6.079405,14.852577,8.80303,4.570391,11.0377245,5.8188696,6.7953243,7.2124877,9.082804,6.423382,14.702358,8.53984,14.003824,11.865652,9.1889,3.1476545,8.499171,10.351522,7.365128,12.2743,12.764405,12.289166,10.660469,9.465438,6.292413,7.3866925,7.179921,4.1671705,4.4111576,10.41892,13.849354,11.113238,4.0277267,7.0552945,9.669814,4.294316,4.1671705,6.330002,12.049403,11.722835,15.849239,13.650155,11.877601,4.619789,6.034574,12.437845,6.2693806,4.545043,6.9238005,13.2130375,6.543444,9.666879,5.109257,8.183177,8.530183,7.69686,9.560213,9.51931,10.937183,12.3819,12.852118,9.630437,13.849515,6.517614,9.154743,6.8839192,6.8480954,6.450939,10.688956,7.764312,11.716462,10.350609,11.787253,5.109257,10.60712,13.052469,9.802083,6.2380877,10.638542,5.433202,7.64113,5.697579,11.55779,5.8910627,10.651961,5.8188696,10.479131,12.192868,8.120206,12.192614,10.086423,7.313521,8.998943,9.01634,7.725349,7.9924135,10.460609,7.267768,5.697579,7.747742,7.6677966,10.484557,10.711205,9.332859,11.350056,12.053482,13.128434,11.282402,6.893994,5.3182044,7.6939797,6.388178,14.617268,11.418174,7.952,9.864252,9.206184,10.957139,9.327294,7.1675167,7.58627,7.6765776,11.226196,6.9139333,11.822789,10.458489,7.2084565,11.518242,9.439019,14.679676,10.573823,7.159188,7.428878,9.369422,5.626854,11.295286,9.032391,8.991925,13.665857,13.732724,7.0235276,3.2764564,6.7953243,9.308587,5.5777016,11.589906,6.1483574,12.0522175,6.3738523,8.629997,6.079405,10.474103,16.00314,7.57692,7.463114,8.896188,13.98307,13.617753,10.316372,7.324736,10.229535,9.058377,11.472755,4.8232694,5.19324,11.6924925,10.016677,10.744643,9.364902,7.018932,6.1898365,12.568795,8.838673,8.128762,11.776914,4.9052434,6.395288,15.971547,6.8324656,9.966245,10.386729,2.472946,5.4740677,14.128654,9.501301,9.19706,12.670554,8.102939,12.802675,4.5192413,7.2364388,5.808255,5.870802,6.9721503,8.2316475,11.292671,9.912746,7.8418207,11.351199,12.953814,7.1840324,7.3505707,4.9052434,10.130228,11.73707,13.168927,12.908877,14.47504,10.949009,6.423382,7.302218,7.617005,10.855445,7.2443347,14.284888,4.545043,9.592276,14.474594,4.7804666,9.100312,9.532268
ARC Pomc,10.56734,10.114253,10.5329685,15.056173,11.634383,7.8691993,13.306014,13.032477,6.9986005,7.7338314,10.38134,11.072107,7.5469136,10.29061,6.3189588,11.025127,9.776126,8.316533,7.118548,6.984636,12.222917,12.678746,11.481188,10.904225,11.707941,10.195306,12.345786,8.858474,11.559817,15.999039,11.798033,12.254902,3.4402132,8.236303,7.478809,15.053615,13.38339,8.670641,12.299297,4.874379,11.215018,12.46342,8.608255,6.970535,9.904051,7.039701,8.543051,7.9360332,9.835683,7.565796,11.9810505,9.167471,12.675762,6.773453,12.67386,11.245348,8.519031,9.720337,7.884321,12.268653,12.434818,10.511216,13.408777,14.961371,14.380576,8.557274,6.773453,10.806398,11.358638,7.783072,12.841098,7.156412,12.605071,8.299712,8.621853,6.723878,13.7546625,10.046972,11.614117,11.077052,11.046289,5.0455704,11.453573,10.28777,8.200504,12.128041,11.432509,11.484292,9.288924,8.418737,8.4546385,6.446692,8.119751,4.372177,5.849574,13.422601,13.125695,10.831971,3.068813,7.4073296,10.858057,5.5028706,6.0506244,7.5373793,10.959709,11.871489,15.477485,12.413152,10.523341,5.615898,7.079663,11.971347,8.355035,5.6866126,9.182841,12.542403,6.789607,6.8677683,6.0771885,11.518618,11.020857,11.010557,14.935858,14.056372,10.821207,10.294861,12.567798,12.423864,12.460586,8.163794,9.548254,8.687981,7.193308,7.2873187,11.303456,8.074321,12.5468645,8.608255,11.778942,7.3098946,11.346405,13.342743,6.8055816,6.5640297,11.598155,7.3862386,8.200504,7.5751452,12.001999,6.1032724,9.644651,7.0927415,10.482934,11.477452,8.9330845,12.324116,10.387987,8.020585,10.9836035,10.080184,8.603695,9.230954,11.028534,9.462691,6.446692,7.7991185,7.5083914,9.499984,11.530681,10.925397,12.142657,11.657672,12.161787,11.6620655,6.8524714,7.1057024,8.132472,13.046198,9.624531,10.989734,9.014373,11.925483,9.853081,12.155958,10.879912,11.262087,7.7338314,8.666273,10.438805,6.2965255,13.507301,10.385332,8.70085,11.419593,9.812154,13.98791,9.588052,8.188371,8.4546385,11.881414,6.154066,11.66754,10.642639,9.860746,11.660419,13.9683075,8.918468,4.747812,8.958313,8.983108,6.0771885,12.544487,8.566678,10.081824,8.696572,6.8055816,7.6741767,13.686071,14.271312,8.230397,8.392536,10.419471,14.317478,14.097504,10.526959,7.0927415,11.571543,11.745173,11.805499,6.525968,12.629115,8.621853,12.163725,10.217865,8.119751,9.776126,9.406189,13.125894,9.875957,9.248591,11.231372,5.9391894,6.91271,13.663788,7.2410793,11.780458,11.049647,7.4887376,6.2965255,11.179447,11.719581,9.485183,11.805002,8.566678,13.095151,6.446692,11.242416,7.053145,6.740593,8.182266,8.803851,9.533942,11.196206,11.062168,9.782193,11.158608,8.726249,9.862657,10.409052,12.128041,13.2168045,9.885383,11.518618,14.343186,12.413478,6.5451245,8.504424,4.990733,10.849414,7.950474,15.177856,6.655011,11.9902525,12.884518,6.362805,10.467956,9.227994
ARC Tac2/Esr1 (KNDy-like),9.203827,8.37175,10.148878,10.968667,8.274756,7.2456813,13.05345,16.205515,9.272426,8.754062,10.763519,10.220076,6.3214116,12.247135,5.461898,7.894297,16.160269,8.491695,10.745533,7.4371376,12.808368,12.767361,8.754062,8.680238,7.5519743,10.287924,10.167009,6.943062,8.912911,9.600574,10.287924,6.185711,0.0,6.559642,6.3214116,14.704579,14.702639,5.868729,13.55905,5.2053957,12.143353,11.699128,9.678477,6.764052,7.894297,6.035908,8.402684,5.679607,9.652974,5.679607,10.220076,8.206271,12.700468,6.559642,13.31361,11.745113,8.24092,7.1022916,7.2456813,12.170568,12.381315,9.460585,13.124759,13.483293,11.855443,8.3401375,7.70872,9.911414,11.053958,6.559642,11.907597,6.559642,7.7573996,7.175767,8.654765,5.461898,12.630323,9.845395,9.627011,10.148878,7.937187,6.035908,12.3359585,8.432969,8.60243,12.471614,12.669006,13.369483,10.495877,8.975977,6.559642,7.1022916,7.65834,4.8932095,7.175767,11.801332,12.65783,10.855832,6.3214116,8.729871,10.488687,4.4942646,6.185711,8.24092,8.996401,10.422307,15.229457,13.576112,12.245003,7.312363,7.5519743,12.377427,8.654765,5.461898,9.272426,10.804635,5.2053957,8.097033,5.868729,9.094396,8.705268,10.073984,15.476853,15.074489,9.168264,9.787973,12.907409,11.063669,13.508397,6.764052,9.984802,8.307817,3.0319624,7.3760986,10.905274,8.548125,13.689425,7.175767,10.271258,6.035908,11.455365,13.920067,6.764052,4.8932095,11.087663,7.5519743,9.665782,7.175767,11.206381,5.679607,8.80126,6.185711,11.869351,11.228132,6.665464,11.324169,8.491695,7.937187,11.739066,9.532276,8.432969,9.075321,10.202603,9.221285,7.3760986,8.37175,6.559642,8.307817,9.900619,12.305591,10.942592,9.289078,13.607984,12.341956,7.2456813,6.764052,5.679607,9.678477,13.988573,12.675354,8.934241,12.315784,12.747918,11.632183,8.3401375,11.491785,8.24092,9.400551,11.24956,5.679607,12.822736,9.489691,6.8563313,12.582153,10.538283,10.958293,9.094396,8.520186,8.17077,12.458793,5.868729,11.720771,10.193787,9.559984,12.92749,13.877345,7.6061373,6.185711,6.559642,8.680238,5.868729,12.518264,5.679607,9.878782,7.495698,5.868729,5.868729,14.034971,14.465941,8.17077,6.035908,9.984802,14.770174,13.002611,9.627011,6.8563313,14.151675,9.75239,10.677597,6.943062,3.9409587,7.1022916,13.115452,8.462631,6.8563313,8.846963,7.6061373,11.520274,8.17077,8.60243,11.605841,5.461898,6.943062,11.2453,7.894297,10.407131,10.503032,4.4942646,5.868729,11.615775,8.869282,6.764052,9.168264,8.975977,12.918154,6.665464,8.097033,6.8563313,6.8563313,3.0319624,9.203827,8.462631,11.772017,8.462631,9.627011,13.622018,10.262853,8.628835,10.376293,13.397589,12.089709,8.548125,9.186155,14.899494,12.255632,6.4454384,7.495698,3.0319624,9.255579,8.996401,14.557702,5.2053957,9.8227,13.266037,5.461898,9.221285,10.035027
ARC Th/Slc6a3 (TIDA),8.744298,8.987879,7.706979,14.126403,7.7233887,7.221013,12.635636,11.500786,5.7437243,8.760291,10.023373,11.071566,8.390702,10.995913,5.7437243,11.705663,10.21543,9.487944,7.4747014,5.3796525,11.929026,12.427301,8.095289,10.286176,11.539529,10.353615,11.4073925,8.107843,11.114191,12.263032,9.693486,7.6735888,1.7613583,10.052889,6.7623186,14.842712,14.344315,8.180957,9.693486,4.8915195,11.164634,12.058352,8.903985,7.243943,9.817135,8.273013,8.460887,5.106951,9.54906,6.7623186,11.69322,10.165262,12.588825,6.88409,14.138691,10.397736,10.935571,7.949463,6.319684,12.2232,12.689353,9.148402,13.740532,13.09254,12.174798,8.156995,7.1499515,11.403579,10.870753,6.443709,12.523561,7.37436,8.953514,8.380391,9.060719,6.1357603,13.999932,9.906077,12.632924,8.600685,11.863907,4.8915195,9.778394,8.670052,8.273013,11.931676,10.501284,12.995806,11.968281,8.845217,6.3622212,6.7937384,13.088983,4.7704,8.460887,13.200149,13.272326,10.863368,4.7704,8.069848,10.529553,6.557911,5.980584,6.7623186,11.284216,11.883205,15.705129,12.680975,10.31894,5.4601884,7.125465,10.515488,8.460887,7.4747014,9.253833,10.984045,6.8244886,6.6293135,5.003253,8.946542,10.992532,8.783953,15.91155,14.7233715,10.25265,11.531397,12.616545,12.052682,12.440389,7.949463,10.100779,8.120289,4.8915195,8.316928,11.040797,8.760291,12.960334,9.067162,10.503661,8.882227,11.503164,13.976165,6.854597,4.7704,11.514996,8.736235,7.8632364,7.81811,12.702863,5.6089106,8.156995,7.4153376,10.606768,10.9425955,7.963346,12.98138,10.329699,7.7715263,9.680938,10.288935,8.489951,10.374545,10.9600115,8.776109,6.3622212,8.132628,7.221013,8.489951,9.913247,9.502279,11.308892,12.216695,12.10919,13.267789,6.697348,7.6735888,7.100555,12.7700615,11.095402,12.534645,7.963346,11.516172,12.376975,12.037177,12.124716,9.562804,7.4747014,11.131202,10.761771,8.132628,13.204538,8.250544,7.990718,13.447376,10.294437,11.548766,8.960453,6.854597,8.509007,14.613073,5.106951,11.600764,12.450281,10.575473,11.4767885,14.403113,8.867537,3.6949759,8.21617,8.860135,8.81491,10.263912,8.799515,9.862291,7.963346,7.5685153,7.17403,15.592255,13.825407,7.81811,7.7872224,10.206703,14.09226,12.820987,10.757793,5.8670096,12.501132,12.197735,9.801764,9.142313,7.5317183,13.431234,11.812104,9.17847,8.204528,10.863368,7.353426,11.760362,10.656752,9.314664,11.4767885,6.034186,6.8244886,10.4748745,7.17403,11.481621,11.617323,13.220883,6.1839857,11.030943,10.517841,8.095289,12.41788,8.860135,13.405088,5.6778917,10.907122,7.049407,5.980584,7.906994,8.370006,10.423072,10.870753,11.195839,10.072236,11.181063,7.4939585,8.582809,15.18113,11.4387865,11.470727,9.166517,10.460262,14.155984,12.660882,7.9212894,8.686884,6.697348,12.11775,8.169026,15.107928,6.4035406,9.734542,13.184306,5.106951,11.835881,8.967359
ARC Agrp/Npy,12.538231,14.463466,9.313924,12.412876,8.24193,7.6122804,11.562881,11.574111,7.2132807,6.679573,10.619905,11.301136,6.79246,11.18617,6.3996854,11.383787,10.098973,8.374776,6.5990887,8.831922,13.897239,12.657602,11.594364,11.178401,15.904872,10.429393,15.936884,9.892865,10.1351,12.529097,11.008661,8.110192,1.9187689,10.782486,8.823091,14.182395,14.247272,7.391116,12.799144,4.253726,12.375234,11.600838,8.840699,6.3996854,10.684716,8.300367,7.8306847,6.2757072,12.267061,7.865509,10.915145,9.434793,12.592183,7.4265304,13.851421,12.91042,7.172144,6.0820227,6.73712,13.026284,11.741642,9.578156,13.72275,12.182843,13.7742,8.221912,7.2663665,9.5274105,13.58343,6.679573,10.62118,7.8910866,9.878018,8.978314,9.136382,6.7558036,10.705288,9.834738,11.681838,9.118448,9.249467,5.823241,12.3315325,9.067013,7.5494165,12.139483,11.101971,9.790118,9.326477,9.546314,12.040574,7.2267365,11.752148,4.5390363,5.416672,10.811798,13.244558,11.344982,2.7141368,9.085593,10.843805,7.1008635,8.095599,9.357389,11.409826,11.470468,14.93085,13.27867,10.673705,6.73712,7.010401,12.615067,7.776819,5.823241,11.019332,11.582639,6.578246,8.659087,6.639892,8.974332,8.764329,8.221912,14.8904705,14.063584,10.50174,11.562219,12.961616,12.512369,14.352383,6.9304256,12.0391445,7.0713353,5.712831,7.2267365,11.256735,9.572898,12.308384,9.0443945,12.304027,6.1682324,11.269793,12.347017,5.787369,9.988778,10.708888,8.160138,8.623925,9.157614,11.847774,6.0820227,8.208411,7.642714,12.14126,10.797216,9.294888,12.484635,9.460648,8.362638,9.903378,10.845986,8.618831,10.781347,10.383576,11.137133,6.1113353,7.8482018,8.020331,9.7649765,9.486047,9.667206,10.238352,11.563545,11.058424,12.949493,7.0411897,5.823241,6.2757072,14.078619,9.0097885,11.319306,8.131809,11.627712,9.767281,10.780207,8.55092,9.345104,10.964168,7.8910866,10.581146,7.317568,12.931888,9.562324,7.010401,11.427414,10.935774,10.767604,9.586008,8.540182,8.194783,11.542178,5.368927,9.860862,9.616995,12.109382,12.109835,13.371127,9.136382,5.4628882,8.043327,9.494415,5.551102,13.484509,8.181025,9.420227,8.404681,6.5570974,6.659869,12.902059,13.910718,8.523924,10.910983,9.256043,14.475405,13.126369,12.258079,7.185987,11.282734,11.183585,11.861317,5.507669,10.861165,7.90789,12.685886,12.270313,8.095599,9.01755,7.692052,13.043969,10.600656,9.746412,11.423038,6.880222,7.2921944,10.140442,7.010401,10.422101,11.230258,6.4917264,6.880222,10.523709,10.503123,6.639892,13.236475,11.122811,13.2703705,6.2757072,10.791569,7.692052,8.1246395,11.976806,9.001984,9.511007,9.890754,11.825837,9.81483,12.425694,9.915892,11.520491,9.672132,11.776941,13.026044,9.192319,12.605763,15.064772,11.91581,7.83947,9.332713,7.414822,12.269501,9.727607,15.086844,5.5932655,12.326855,13.225625,4.916502,10.627534,10.542662
Oxt/Avp magnocellular,9.957962,8.617502,3.6270635,9.377834,9.57865,6.3306913,9.9702635,14.201257,10.531414,3.925447,8.7470665,8.585875,7.0398674,8.934516,6.2251544,13.710284,6.5210943,6.6076326,7.2154794,7.3965306,10.98377,12.699657,8.756567,5.4456787,8.049912,10.018444,15.396168,15.470304,6.169342,10.106522,9.57865,5.5367174,2.7393453,8.168534,3.925447,14.272109,8.224377,6.9762354,10.161196,4.172569,9.414307,11.522598,9.05491,9.031621,8.917677,9.039426,10.110232,10.528645,13.34346,8.678749,12.282845,8.049912,12.88541,7.242777,8.278139,9.57865,11.146181,7.3720164,9.255855,10.648306,11.944458,10.720474,12.709475,15.77394,11.70295,10.237814,8.531571,7.986732,11.426177,9.187257,10.370576,7.920657,9.551618,8.999973,9.308476,8.999973,14.265053,9.13722,10.772911,7.7216043,13.326417,4.3834867,5.5367174,11.131652,10.906931,11.698027,13.659913,11.135298,12.652093,9.894834,5.3485055,9.340417,11.801473,5.010207,4.730614,9.711593,10.81444,8.803154,4.730614,8.342641,10.113933,4.172569,8.224377,10.545184,8.342641,12.750467,15.267096,13.007312,12.778135,14.556059,9.092907,13.414575,8.428357,12.610129,8.380001,11.122496,7.070661,13.144347,10.837006,10.97972,8.883397,13.555948,9.13722,8.874699,10.2845335,11.70295,11.411217,14.441266,9.221963,9.711593,10.018444,7.6822658,4.730614,8.975774,11.973264,8.196726,8.416419,10.591043,11.370031,6.728423,11.454181,13.52397,7.886449,6.2251544,12.257138,7.6822658,12.449537,8.428357,11.555628,7.6418247,7.6822658,8.018668,10.756433,8.224377,10.852593,11.98139,7.070661,9.783063,5.9876485,10.580383,10.601625,7.986732,11.3591585,11.037368,7.444344,8.095546,7.535465,7.662187,10.823508,8.951161,14.037985,10.643193,9.873161,12.432598,6.839877,7.7972026,7.100811,6.5210943,12.809852,10.8347645,13.062453,9.518496,7.4676695,11.363829,12.934891,7.8154993,9.151694,12.638025,10.0419445,7.242777,15.552028,8.49798,6.169342,10.117623,10.002562,15.401571,10.632913,8.520461,9.620875,8.210618,8.329969,12.331333,12.294306,7.986732,12.120334,11.663092,11.144373,5.1320024,5.703185,8.934516,10.254674,11.951714,9.957962,10.737367,8.617502,7.7598987,6.1112833,12.29104,13.263253,6.05079,9.524069,10.416249,14.095501,13.762497,10.370576,6.943335,11.366933,11.0295515,10.139574,4.730614,10.977691,6.803674,9.031621,11.683158,7.0084023,8.66872,8.967616,11.72126,8.678749,9.890525,11.282312,6.689273,10.32341,14.131089,6.728423,10.700924,11.089045,3.2504325,8.251509,14.066195,12.57028,7.7598987,11.519812,8.983886,11.448331,8.095546,8.678749,7.8514104,8.975774,3.925447,8.264885,7.6211705,12.144054,10.971584,10.451774,10.143201,7.347078,11.250726,13.656111,10.913316,11.160566,7.100811,12.257138,13.693379,9.015884,3.925447,8.857142,0.0,8.737502,5.703185,15.44151,4.567466,10.034153,12.469895,7.1876554,12.562853,9.340417
Ependymal,9.1002245,8.261958,5.0467567,9.138024,7.2802362,6.3679338,10.114162,10.095071,6.3679338,5.281034,11.835721,8.501188,8.524208,5.573621,6.3679338,6.0247664,13.483811,9.013405,8.765492,9.371733,9.196517,12.995422,6.558394,6.3161135,11.247501,11.427699,8.524208,7.4818354,7.3070316,10.258429,7.679343,4.913611,2.7714663,6.2623615,4.4194074,15.658238,9.371733,5.9587073,11.527912,5.482529,13.689046,12.405908,14.143694,11.212498,9.679192,12.601905,6.980737,6.0879335,9.333146,7.797432,15.370084,9.600147,12.833221,8.784684,10.812934,10.696159,7.1677833,7.252934,7.3333383,12.751449,10.967892,8.454015,10.91879,15.845882,11.192878,7.3070316,9.829992,9.069255,9.499196,6.980737,16.886965,8.220276,11.959109,9.145467,9.409314,5.9587073,10.37698,9.224897,10.501102,8.955305,6.8772573,4.2082086,6.602324,7.699708,7.252934,12.880817,9.352568,8.644646,6.3161135,13.825034,5.816757,8.3547735,8.755799,3.9607005,5.482529,8.380231,9.714647,12.3457985,4.4194074,7.458123,12.107481,10.020128,8.535583,6.841046,8.429837,14.437698,14.018065,14.000986,11.119193,6.841046,6.602324,8.980492,12.339323,9.196517,6.14845,13.622937,5.385297,6.513084,7.528122,10.755728,8.501188,8.716364,10.361086,10.067911,10.91444,8.602005,10.736143,13.493686,13.905043,9.834604,9.07706,8.9887905,5.168646,6.980737,12.891923,7.409497,11.049497,7.138245,8.302469,6.686364,12.657621,10.202441,7.1677833,6.0879335,12.144165,6.513084,8.512744,9.966512,14.4875965,6.947062,7.6586866,7.8889537,8.813003,8.980492,7.1967287,13.696349,11.550513,8.980492,7.434015,11.268104,8.05623,7.505164,12.3123,10.251548,11.18748,11.480147,10.079614,10.144193,10.114162,6.0879335,8.77512,11.136103,8.558064,10.361086,7.3591733,4.913611,12.116977,12.05213,14.166965,12.832068,9.045583,11.809022,7.923997,12.403582,6.8772573,8.746041,6.3161135,6.980737,10.091222,10.110365,9.80201,8.77512,5.8894773,10.087363,9.62698,9.910827,11.900934,10.173611,7.1677833,10.615387,6.417958,9.962304,8.289091,13.907781,9.203665,10.206005,14.339723,3.9607005,6.0247664,12.477686,8.341874,11.908608,12.582159,8.477795,6.417958,5.573621,12.038203,9.763834,10.885842,10.312325,5.7401757,14.093594,11.828803,14.851677,12.880817,7.699708,12.071794,10.607325,8.417595,6.2623615,5.385297,8.148012,12.409003,7.1967287,7.759133,12.522675,9.499196,12.61067,10.012008,10.251548,12.070817,7.0772896,11.065279,10.465866,8.341874,14.535649,9.704606,6.14845,5.385297,13.443247,12.817582,7.5507197,9.145467,7.2251053,11.6216135,4.4194074,15.577747,7.9916277,6.0879335,4.913611,9.396895,8.05623,8.008051,9.021517,7.941204,8.746041,5.8894773,10.7798395,8.644646,9.689411,12.919316,7.3070316,8.20611,12.083466,12.364255,3.6617532,9.451957,13.343234,6.602324,11.465356,10.8176,6.14845,9.346123,12.023131,5.0467567,8.008051,10.65764
Tanycyte,9.735063,10.849953,5.9865317,10.777944,7.3728647,5.7393203,9.875866,9.68344,5.8052063,4.5524945,12.033471,7.6488748,7.536983,7.6843233,5.521422,7.8651004,16.34191,8.973664,7.666708,11.711414,9.972229,13.086435,7.7359147,7.436617,11.83977,10.822374,11.958539,8.513518,7.9255996,11.57288,8.079969,6.505631,3.752862,7.6125336,5.6702805,15.994892,10.587465,5.3554177,9.540847,5.2646556,9.700853,11.778558,10.206658,7.8651004,7.4572563,12.4382925,7.3509727,6.54473,9.192573,5.2646556,13.153184,7.818001,12.880264,8.766002,11.158,12.880742,6.7257533,6.7257533,7.3509727,12.366456,11.865091,9.022956,12.90113,11.796892,11.137364,7.328743,7.7359147,7.895667,11.619407,9.173989,13.483202,8.079969,13.791771,9.173989,9.674654,6.14759,10.031925,8.27859,10.544708,9.692173,8.03948,5.3554177,8.523339,8.590275,6.424103,11.6875925,9.3387785,7.895667,7.1627345,11.674431,7.236232,10.105685,8.98081,5.521422,5.167798,9.016017,10.233829,11.6522255,3.752862,6.6913204,11.500148,9.070619,12.967829,9.80517,12.830703,14.932885,13.274446,13.016447,9.276265,6.3376894,5.9865317,11.8795,10.812396,10.712917,7.556245,11.434004,3.9979491,7.3509727,8.915189,10.759365,8.493673,7.9693646,11.628535,10.892253,9.674654,8.930032,10.989335,12.664813,13.613902,9.198714,9.894904,10.8460455,5.167798,6.3376894,13.307502,7.895667,15.760441,7.7017264,9.258736,7.236232,12.485527,12.558384,5.521422,6.82438,9.776713,6.54473,8.98081,12.246333,14.29888,7.477605,6.792248,7.718922,12.322134,9.935924,7.031252,14.648191,8.994996,11.589335,9.647969,10.570988,9.002037,11.262842,13.9924755,10.125164,6.9751096,10.4981575,7.556245,12.945632,7.3728647,6.792248,8.806782,11.249592,8.411447,9.932242,7.1115704,5.167798,7.594013,10.326489,11.606761,10.405613,8.453146,14.2114105,8.390137,11.755828,7.3728647,7.4156775,8.011841,6.9461975,9.491671,5.7393203,10.1789665,9.634439,5.2646556,12.878831,9.063906,9.387984,9.481631,13.873226,7.0034537,14.787143,5.8052063,8.680812,9.48666,11.445671,9.825157,11.029514,11.964859,4.830779,9.34433,13.75082,6.292461,12.254464,11.764134,10.55432,6.2457685,6.54473,8.23144,10.585122,10.812396,9.223023,7.954923,12.693911,12.502383,15.640992,9.883511,7.3728647,13.630751,9.155163,8.830708,5.6702805,7.6308184,8.483647,12.547598,8.838595,8.335441,10.367956,8.766002,13.186015,7.7857246,9.521378,11.634212,6.6913204,8.513518,9.692173,7.718922,14.827089,8.580901,6.54473,6.7257533,16.024315,9.270446,9.52627,13.086021,8.290141,12.363042,5.3554177,13.497596,7.9693646,8.473552,7.7359147,9.327612,12.104703,7.436617,9.80919,7.769312,9.276265,8.50363,9.986499,9.647969,11.165858,11.342664,7.49767,9.002037,13.9409685,12.229184,7.997821,9.24099,9.634439,8.219407,8.542783,11.958539,4.9520793,9.540847,12.520271,4.207384,8.463385,11.575242
